=== creature_template ===
2393c2393
< INSERT INTO `creature_template` VALUES (2794,0,0,0,0,0,'Summoned Guardian',NULL,NULL,0,38,38,0,10,0,1.55556,1.14286,1,1,20,0,0,1,2000,2000,1,1,1,0,2048,0,0,4,0,2794,0,0,0,0,0,0,'',0,1,1.15,1,1,1,0,0,1,-6,0,'',12340);
---
> INSERT INTO `creature_template` VALUES (2794,0,0,0,0,0,'Summoned Guardian',NULL,NULL,0,38,38,0,10,0,1,1.28968,1,1,20,0,0,1,2000,2000,1,1,1,0,2048,0,0,4,0,2794,0,0,0,0,0,0,'',0,1,1.15,1,1,1,0,0,1,-6,0,'',12340);
6973c6973
< INSERT INTO `creature_template` VALUES (10184,36538,0,0,0,0,'Onyxia','','',0,83,83,2,103,0,1,1.28571,1,1,20,3,0,35,2000,2000,1,1,1,64,2048,8,0,2,108,10184,0,10184,0,0,93755,122438,'',1,1,350,1,1,2.5,0,0,1,-327,524801,'boss_onyxia',11723);
---
> INSERT INTO `creature_template` VALUES (10184,36538,0,0,0,0,'Onyxia','','',0,83,83,2,103,0,1,1.28571,1,1,20,3,0,35,2000,2000,1,1,1,64,2048,8,0,2,108,10184,0,10184,0,0,93755,122438,'',1,1,350,1,1,2.5,0,0,1,-362,524801,'boss_onyxia',11723);
10093,10097c10093,10097
< INSERT INTO `creature_template` VALUES (15928,29448,0,0,0,0,'Thaddius','',NULL,0,83,83,2,21,0,1,1.42857,1,1,20,3,0,35,2000,2000,1,1,1,0,2048,0,0,6,76,15928,0,0,0,0,1513636,1850000,'',0,1,275,2,1,2.5,0,0,1,-410,2148007937,'boss_thaddius',1);
< INSERT INTO `creature_template` VALUES (15929,29446,0,0,0,0,'Stalagg','',NULL,0,83,83,2,21,0,0.8,1.14286,1,1,20,3,0,35,2000,2000,1,1,1,64,2048,8,0,6,76,0,0,0,0,0,0,0,'',0,1,60,2,1,1,0,0,1,-410,1,'boss_thaddius_summon',12340);
< INSERT INTO `creature_template` VALUES (15930,29447,0,0,0,0,'Feugen','',NULL,0,83,83,2,21,0,0.8,1.14286,1,1,20,3,0,35,2000,2000,1,1,1,64,2048,8,0,6,76,0,0,0,0,0,0,0,'',0,1,60,2,1,1,0,0,1,-410,1,'boss_thaddius_summon',12340);
< INSERT INTO `creature_template` VALUES (15931,29373,0,0,0,0,'Grobbulus','','',0,83,83,2,21,0,1.5,1.71429,1,1,20,3,0,35,2000,2000,1,1,1,64,2048,8,0,6,76,15931,0,0,0,0,1283823,1569117,'',0,1,210,2,1,2.5,0,166,1,-410,524289,'boss_grobbulus',12340);
< INSERT INTO `creature_template` VALUES (15932,29417,0,0,0,0,'Gluth','','',0,83,83,2,21,0,1,1.71429,1,1,20,3,0,35,1600,2000,1,1,1,64,2048,8,0,6,76,15932,0,0,0,0,1260000,1540000,'',0,1,200,2,1,2.5,0,164,1,-410,524289,'boss_gluth',12340);
---
> INSERT INTO `creature_template` VALUES (15928,29448,0,0,0,0,'Thaddius','',NULL,0,83,83,2,21,0,1,1.42857,1,1,20,3,0,35,2000,2000,1,1,1,0,2048,0,0,6,76,15928,0,0,0,0,1513636,1850000,'',0,1,275,2,1,2.5,0,0,1,-286,2148007937,'boss_thaddius',1);
> INSERT INTO `creature_template` VALUES (15929,29446,0,0,0,0,'Stalagg','',NULL,0,83,83,2,21,0,0.8,1.14286,1,1,20,3,0,35,2000,2000,1,1,1,64,2048,8,0,6,76,0,0,0,0,0,0,0,'',0,1,60,2,1,1,0,0,1,-286,1,'boss_thaddius_summon',12340);
> INSERT INTO `creature_template` VALUES (15930,29447,0,0,0,0,'Feugen','',NULL,0,83,83,2,21,0,0.8,1.14286,1,1,20,3,0,35,2000,2000,1,1,1,64,2048,8,0,6,76,0,0,0,0,0,0,0,'',0,1,60,2,1,1,0,0,1,-286,1,'boss_thaddius_summon',12340);
> INSERT INTO `creature_template` VALUES (15931,29373,0,0,0,0,'Grobbulus','','',0,83,83,2,21,0,1.5,1.71429,1,1,20,3,0,35,2000,2000,1,1,1,64,2048,8,0,6,76,15931,0,0,0,0,1283823,1569117,'',0,1,210,2,1,2.5,0,166,1,-286,524289,'boss_grobbulus',12340);
> INSERT INTO `creature_template` VALUES (15932,29417,0,0,0,0,'Gluth','','',0,83,83,2,21,0,1,1.71429,1,1,20,3,0,35,1600,2000,1,1,1,64,2048,8,0,6,76,15932,0,0,0,0,1260000,1540000,'',0,1,200,2,1,2.5,0,164,1,-286,524289,'boss_gluth',12340);
10101c10101
< INSERT INTO `creature_template` VALUES (15936,29701,0,0,0,0,'Heigan the Unclean','','',0,83,83,2,21,0,1,1.71429,1,1,20,3,0,35,2000,2000,1,1,1,64,2048,8,0,6,76,15936,0,0,0,0,1280454,1565000,'',0,1,220,2,1,2.5,0,164,1,-410,524289,'boss_heigan',12340);
---
> INSERT INTO `creature_template` VALUES (15936,29701,0,0,0,0,'Heigan the Unclean','','',0,83,83,2,21,0,1,1.71429,1,1,20,3,0,35,2000,2000,1,1,1,64,2048,8,0,6,76,15936,0,0,0,0,1280454,1565000,'',0,1,220,2,1,2.5,0,164,1,-286,524289,'boss_heigan',12340);
10117,10119c10117,10119
< INSERT INTO `creature_template` VALUES (15952,29278,0,0,0,0,'Maexxna','',NULL,0,83,83,2,21,0,1,1.71429,1,1,20,3,0,35,1800,2000,1,1,1,64,2048,8,0,1,76,15952,0,0,0,0,1274062,1557187,'',0,1,180,2,1,2.5,0,164,1,-410,524289,'boss_maexxna',12340);
< INSERT INTO `creature_template` VALUES (15953,29268,0,0,0,0,'Grand Widow Faerlina','',NULL,0,83,83,2,21,0,1,1.71429,1,1,20,3,0,35,2000,2000,1,1,2,32832,2048,8,0,7,76,15953,0,0,0,0,1172787,1954645,'',0,1,160,20,1,2.5,0,164,1,-410,524289,'boss_faerlina',12340);
< INSERT INTO `creature_template` VALUES (15954,29615,0,0,0,0,'Noth the Plaguebringer','','',0,83,83,2,21,0,1,1.71429,1,1,20,3,0,35,2400,2000,1,1,2,32832,2048,8,0,6,76,15954,0,0,0,0,1265652,1546909,'',0,1,200,30,1,2.5,0,164,1,-410,524289,'boss_noth',12340);
---
> INSERT INTO `creature_template` VALUES (15952,29278,0,0,0,0,'Maexxna','',NULL,0,83,83,2,21,0,1,1.71429,1,1,20,3,0,35,1800,2000,1,1,1,64,2048,8,0,1,76,15952,0,0,0,0,1274062,1557187,'',0,1,180,2,1,2.5,0,164,1,-286,524289,'boss_maexxna',12340);
> INSERT INTO `creature_template` VALUES (15953,29268,0,0,0,0,'Grand Widow Faerlina','',NULL,0,83,83,2,21,0,1,1.71429,1,1,20,3,0,35,2000,2000,1,1,2,32832,2048,8,0,7,76,15953,0,0,0,0,1172787,1954645,'',0,1,160,20,1,2.5,0,164,1,-286,524289,'boss_faerlina',12340);
> INSERT INTO `creature_template` VALUES (15954,29615,0,0,0,0,'Noth the Plaguebringer','','',0,83,83,2,21,0,1,1.71429,1,1,20,3,0,35,2400,2000,1,1,2,32832,2048,8,0,6,76,15954,0,0,0,0,1265652,1546909,'',0,1,200,30,1,2.5,0,164,1,-286,524289,'boss_noth',12340);
10121c10121
< INSERT INTO `creature_template` VALUES (15956,29249,0,0,0,0,'Anub\'Rekhan','',NULL,0,83,83,2,21,0,1,1.42857,1,1,18,3,0,35,2000,2000,1,1,1,64,2048,8,0,6,76,15956,0,0,0,0,1125000,1375000,'',0,1,160,2,1,2.5,0,144,1,-410,524289,'boss_anubrekhan',12340);
---
> INSERT INTO `creature_template` VALUES (15956,29249,0,0,0,0,'Anub\'Rekhan','',NULL,0,83,83,2,21,0,1,1.42857,1,1,18,3,0,35,2000,2000,1,1,1,64,2048,8,0,6,76,15956,0,0,0,0,1125000,1375000,'',0,1,160,2,1,2.5,0,144,1,-286,524289,'boss_anubrekhan',12340);
10150,10151c10150,10151
< INSERT INTO `creature_template` VALUES (15989,29991,0,0,0,0,'Sapphiron','',NULL,0,83,83,2,21,0,1,2.14286,1,1,20,3,0,35,1800,2000,1,1,1,0,2048,8,0,6,76,15989,0,0,0,0,246755,322238,'',0,1,300,2,1,2.5,0,188,1,-410,524289,'boss_sapphiron',12340);
< INSERT INTO `creature_template` VALUES (15990,30061,0,0,0,0,'Kel\'Thuzad','',NULL,0,83,83,2,21,0,1,1.14286,1,1,20,3,0,35,2000,2000,1,1,2,0,2048,8,0,6,76,15990,0,0,0,0,1002755,1457838,'',0,1,375,600,1,2.5,0,0,1,-410,2148007937,'boss_kelthuzad',12340);
---
> INSERT INTO `creature_template` VALUES (15989,29991,0,0,0,0,'Sapphiron','',NULL,0,83,83,2,21,0,1,2.14286,1,1,20,3,0,35,1800,2000,1,1,1,0,2048,8,0,6,76,15989,0,0,0,0,246755,322238,'',0,1,300,2,1,2.5,0,188,1,-286,524289,'boss_sapphiron',12340);
> INSERT INTO `creature_template` VALUES (15990,30061,0,0,0,0,'Kel\'Thuzad','',NULL,0,83,83,2,21,0,1,1.14286,1,1,20,3,0,35,2000,2000,1,1,2,0,2048,8,0,6,76,15990,0,0,0,0,1002755,1457838,'',0,1,375,600,1,2.5,0,0,1,-286,2148007937,'boss_kelthuzad',12340);
10169c10169
< INSERT INTO `creature_template` VALUES (16011,29718,0,0,0,0,'Loatheb',NULL,NULL,0,83,83,2,21,0,0.8,2,1,1,20,3,0,35,1250,2000,1,1,1,64,2048,8,0,6,76,16011,0,0,0,0,1292142,1579285,'',0,1,480,2,1,2.5,0,180,1,-410,524289,'boss_loatheb',12340);
---
> INSERT INTO `creature_template` VALUES (16011,29718,0,0,0,0,'Loatheb',NULL,NULL,0,83,83,2,21,0,0.8,2,1,1,20,3,0,35,1250,2000,1,1,1,64,2048,8,0,6,76,16011,0,0,0,0,1292142,1579285,'',0,1,480,2,1,2.5,0,180,1,-286,524289,'boss_loatheb',12340);
16495,16496c16495,16496
< INSERT INTO `creature_template` VALUES (22526,0,0,0,0,0,'Alliance Spirit Guide (1)','',NULL,0,70,70,0,84,32768,1,1.14286,1,1,20,1,0,13,2000,2000,1,1,2,832,2048,0,0,7,2,0,0,0,0,0,0,0,'',0,1,10,2,1,1,0,0,1,0,2,'',12340);
< INSERT INTO `creature_template` VALUES (22527,0,0,0,0,0,'Arch Druid Renferal (1)','',NULL,5142,70,70,0,1216,3,1.76,1.14286,1,1,20,1,0,13,2000,2000,1,1,2,4160,2048,0,0,7,0,13442,0,0,0,0,1814,2378,'',1,1,12,12,1,1,0,0,1,0,0,'',12340);
---
> INSERT INTO `creature_template` VALUES (22526,0,0,0,0,0,'Alliance Spirit Guide (1)','',NULL,0,70,70,0,84,32768,1,1.14286,1,1,20,1,0,13,2000,2000,1,1,2,832,2048,0,0,7,2,0,0,0,0,0,0,0,'',0,1,10,2,1,1,0,0,1,-421,2,'',12340);
> INSERT INTO `creature_template` VALUES (22527,0,0,0,0,0,'Arch Druid Renferal (1)','',NULL,5142,70,70,0,1216,3,1.76,1.14286,1,1,20,1,0,13,2000,2000,1,1,2,4160,2048,0,0,7,0,13442,0,0,0,0,1814,2378,'',1,1,12,12,1,1,0,0,1,-386,0,'',12340);
16511,16514c16511,16514
< INSERT INTO `creature_template` VALUES (22542,0,0,0,0,0,'Dun Baldar North Marshal (1)','',NULL,0,70,70,0,1534,0,1.76,1.14286,1,1,20,1,0,13,2000,2000,1,1,1,32768,2048,0,0,7,0,0,0,0,0,0,0,0,'',1,1,20,1,1,1,0,0,1,0,0,'',12340);
< INSERT INTO `creature_template` VALUES (22543,0,0,0,0,0,'Dun Baldar North Warmaster (1)','',NULL,0,70,70,0,1214,0,1.76,1.14286,1,1,20,1,0,13,2000,2000,1,1,1,4096,2048,0,0,7,0,14770,0,0,0,0,0,0,'',0,1,20,1,1,1,0,0,1,0,0,'',12340);
< INSERT INTO `creature_template` VALUES (22544,0,0,0,0,0,'Dun Baldar South Marshal (1)','',NULL,0,70,70,0,1534,0,1.76,1.14286,1,1,20,1,0,13,2000,2000,1,1,1,32768,2048,0,0,7,0,14763,0,0,0,0,0,0,'',1,1,20,1,1,1,0,0,1,0,0,'',12340);
< INSERT INTO `creature_template` VALUES (22545,0,0,0,0,0,'Dun Baldar South Warmaster (1)','',NULL,0,70,70,0,1214,0,1.2,1.14286,1,1,20,1,0,7.5,2000,2000,1,1,1,0,2048,0,0,7,0,0,0,0,0,0,0,0,'',0,1,20,1,1,1,0,0,1,0,0,'',12340);
---
> INSERT INTO `creature_template` VALUES (22542,0,0,0,0,0,'Dun Baldar North Marshal (1)','',NULL,0,70,70,0,1534,0,1.76,1.14286,1,1,20,1,0,13,2000,2000,1,1,1,32768,2048,0,0,7,0,0,0,0,0,0,0,0,'',1,1,20,1,1,1,0,0,1,-406,0,'',12340);
> INSERT INTO `creature_template` VALUES (22543,0,0,0,0,0,'Dun Baldar North Warmaster (1)','',NULL,0,70,70,0,1214,0,1.76,1.14286,1,1,20,1,0,13,2000,2000,1,1,1,4096,2048,0,0,7,0,14770,0,0,0,0,0,0,'',0,1,20,1,1,1,0,0,1,-406,0,'',12340);
> INSERT INTO `creature_template` VALUES (22544,0,0,0,0,0,'Dun Baldar South Marshal (1)','',NULL,0,70,70,0,1534,0,1.76,1.14286,1,1,20,1,0,13,2000,2000,1,1,1,32768,2048,0,0,7,0,14763,0,0,0,0,0,0,'',1,1,20,1,1,1,0,0,1,-406,0,'',12340);
> INSERT INTO `creature_template` VALUES (22545,0,0,0,0,0,'Dun Baldar South Warmaster (1)','',NULL,0,70,70,0,1214,0,1.2,1.14286,1,1,20,1,0,7.5,2000,2000,1,1,1,0,2048,0,0,7,0,0,0,0,0,0,0,0,'',0,1,20,1,1,1,0,0,1,-406,0,'',12340);
16516,16517c16516,16517
< INSERT INTO `creature_template` VALUES (22547,0,0,0,0,0,'East Frostwolf Marshal (1)','',NULL,0,70,70,0,1534,0,1.76,1.14286,1,1,20,1,0,13,1175,2000,1,1,1,0,2048,0,0,7,0,14768,0,0,0,0,0,0,'',1,1,20,1,1,1,0,0,1,0,0,'',12340);
< INSERT INTO `creature_template` VALUES (22548,0,0,0,0,0,'East Frostwolf Warmaster (1)','',NULL,0,70,70,0,1214,0,1.76,1.14286,1,1,20,1,0,13,2000,2000,1,1,1,4096,2048,0,0,7,0,14772,0,0,0,0,12098,15808,'',1,1,20,1,1,1,0,0,1,0,0,'',12340);
---
> INSERT INTO `creature_template` VALUES (22547,0,0,0,0,0,'East Frostwolf Marshal (1)','',NULL,0,70,70,0,1534,0,1.76,1.14286,1,1,20,1,0,13,1175,2000,1,1,1,0,2048,0,0,7,0,14768,0,0,0,0,0,0,'',1,1,20,1,1,1,0,0,1,-406,0,'',12340);
> INSERT INTO `creature_template` VALUES (22548,0,0,0,0,0,'East Frostwolf Warmaster (1)','',NULL,0,70,70,0,1214,0,1.76,1.14286,1,1,20,1,0,13,2000,2000,1,1,1,4096,2048,0,0,7,0,14772,0,0,0,0,12098,15808,'',1,1,20,1,1,1,0,0,1,-406,0,'',12340);
16519,16521c16519,16521
< INSERT INTO `creature_template` VALUES (22550,0,0,0,0,0,'Frostwolf Shredder Unit (1)','',NULL,0,60,60,0,1214,0,1.79,1.14286,1,1,20,1,0,13,1150,2000,1,1,1,0,2048,0,0,9,0,13378,0,0,0,0,0,0,'',0,1,7,2,1,1,0,0,1,0,0,'',12340);
< INSERT INTO `creature_template` VALUES (22551,0,0,0,0,0,'Frostwolf Stable Master (1)','Stable Master',NULL,9821,70,70,0,1214,4194307,1.78,1.14286,1,1,20,1,0,13,1158,2000,1,1,1,0,2048,0,0,7,0,0,0,0,0,0,0,0,'',1,1,15,1,1,1,0,0,1,0,0,'',12340);
< INSERT INTO `creature_template` VALUES (22552,0,0,0,0,0,'Frostwolf Wolf Rider Commander (1)','',NULL,0,70,70,0,1214,2,1.79,1.14286,1,1,20,1,0,13,1150,2000,1,1,1,0,2048,0,0,7,0,0,0,0,0,0,828,1090,'',1,1,8,1,1,1,0,0,1,0,0,'',12340);
---
> INSERT INTO `creature_template` VALUES (22550,0,0,0,0,0,'Frostwolf Shredder Unit (1)','',NULL,0,60,60,0,1214,0,1.79,1.14286,1,1,20,1,0,13,1150,2000,1,1,1,0,2048,0,0,9,0,13378,0,0,0,0,0,0,'',0,1,7,2,1,1,0,0,1,-93,0,'',12340);
> INSERT INTO `creature_template` VALUES (22551,0,0,0,0,0,'Frostwolf Stable Master (1)','Stable Master',NULL,9821,70,70,0,1214,4194307,1.78,1.14286,1,1,20,1,0,13,1158,2000,1,1,1,0,2048,0,0,7,0,0,0,0,0,0,0,0,'',1,1,15,1,1,1,0,0,1,-386,0,'',12340);
> INSERT INTO `creature_template` VALUES (22552,0,0,0,0,0,'Frostwolf Wolf Rider Commander (1)','',NULL,0,70,70,0,1214,2,1.79,1.14286,1,1,20,1,0,13,1150,2000,1,1,1,0,2048,0,0,7,0,0,0,0,0,0,828,1090,'',1,1,8,1,1,1,0,0,1,-386,0,'',12340);
16525c16525
< INSERT INTO `creature_template` VALUES (22556,0,0,0,0,0,'Guse\'s War Rider (1)','',NULL,0,70,70,0,1214,0,1.76,1.14286,1,1,20,1,0,13,1175,2000,1,1,1,0,2048,0,0,1,0,0,0,0,0,0,0,0,'',1,1,35,1,1,1,0,174,1,0,0,'',12340);
---
> INSERT INTO `creature_template` VALUES (22556,0,0,0,0,0,'Guse\'s War Rider (1)','',NULL,0,70,70,0,1214,0,1.76,1.14286,1,1,20,1,0,13,1175,2000,1,1,1,0,2048,0,0,1,0,0,0,0,0,0,0,0,'',1,1,35,1,1,1,0,174,1,-406,0,'',12340);
16527,16533c16527,16533
< INSERT INTO `creature_template` VALUES (22558,0,0,0,0,0,'Horde Spirit Guide (1)','',NULL,0,70,70,0,83,32768,1,1.14286,1,1,20,1,0,13,2000,2000,1,1,2,4928,2048,0,0,7,2,0,0,0,0,0,0,0,'',0,1,10,2,1,1,0,0,1,0,2,'',12340);
< INSERT INTO `creature_template` VALUES (22559,0,0,0,0,0,'Iceblood Marshal (1)','',NULL,0,70,70,0,1534,0,1.2,1.14286,1,1,20,1,0,7.5,2000,2000,1,1,1,0,2048,0,0,7,0,0,0,0,0,0,0,0,'',0,1,20,1,1,1,0,0,1,0,0,'',12340);
< INSERT INTO `creature_template` VALUES (22560,0,0,0,0,0,'Iceblood Warmaster (1)','',NULL,0,70,70,0,1214,0,1.76,1.14286,1,1,20,1,0,13,2000,2000,1,1,1,4096,2048,0,0,7,0,0,0,0,0,0,0,0,'',1,1,20,1,1,1,0,0,1,0,0,'',12340);
< INSERT INTO `creature_template` VALUES (22561,0,0,0,0,0,'Icewing Marshal (1)','',NULL,0,70,70,0,1534,0,1.76,1.14286,1,1,20,1,0,13,1175,2000,1,1,1,0,2048,0,0,7,0,0,0,0,0,0,0,0,'',1,1,20,1,1,1,0,0,1,0,0,'',12340);
< INSERT INTO `creature_template` VALUES (22562,0,0,0,0,0,'Icewing Warmaster (1)','',NULL,0,70,70,0,1214,0,1.2,1.14286,1,1,20,1,0,7.5,2000,2000,1,1,1,0,2048,0,0,7,0,0,0,0,0,0,12098,15808,'',0,1,20,1,1,1,0,0,1,0,0,'',12340);
< INSERT INTO `creature_template` VALUES (22563,0,0,0,0,0,'Ichman\'s Gryphon (1)','',NULL,0,70,70,0,1216,0,1.76,1.14286,1,1,20,1,0,13,1175,2000,1,1,1,0,2048,0,0,1,0,0,0,0,0,0,0,0,'',0,1,35,1,1,1,0,174,1,0,0,'',12340);
< INSERT INTO `creature_template` VALUES (22564,0,0,0,0,0,'Jeztor\'s War Rider (1)','',NULL,0,70,70,0,1214,0,1.76,1.14286,1,1,20,1,0,13,1175,2000,1,1,1,0,2048,0,0,1,0,0,0,0,0,0,0,0,'',0,1,35,1,1,1,0,174,1,0,0,'',12340);
---
> INSERT INTO `creature_template` VALUES (22558,0,0,0,0,0,'Horde Spirit Guide (1)','',NULL,0,70,70,0,83,32768,1,1.14286,1,1,20,1,0,13,2000,2000,1,1,2,4928,2048,0,0,7,2,0,0,0,0,0,0,0,'',0,1,10,2,1,1,0,0,1,-421,2,'',12340);
> INSERT INTO `creature_template` VALUES (22559,0,0,0,0,0,'Iceblood Marshal (1)','',NULL,0,70,70,0,1534,0,1.2,1.14286,1,1,20,1,0,7.5,2000,2000,1,1,1,0,2048,0,0,7,0,0,0,0,0,0,0,0,'',0,1,20,1,1,1,0,0,1,-406,0,'',12340);
> INSERT INTO `creature_template` VALUES (22560,0,0,0,0,0,'Iceblood Warmaster (1)','',NULL,0,70,70,0,1214,0,1.76,1.14286,1,1,20,1,0,13,2000,2000,1,1,1,4096,2048,0,0,7,0,0,0,0,0,0,0,0,'',1,1,20,1,1,1,0,0,1,-406,0,'',12340);
> INSERT INTO `creature_template` VALUES (22561,0,0,0,0,0,'Icewing Marshal (1)','',NULL,0,70,70,0,1534,0,1.76,1.14286,1,1,20,1,0,13,1175,2000,1,1,1,0,2048,0,0,7,0,0,0,0,0,0,0,0,'',1,1,20,1,1,1,0,0,1,-406,0,'',12340);
> INSERT INTO `creature_template` VALUES (22562,0,0,0,0,0,'Icewing Warmaster (1)','',NULL,0,70,70,0,1214,0,1.2,1.14286,1,1,20,1,0,7.5,2000,2000,1,1,1,0,2048,0,0,7,0,0,0,0,0,0,12098,15808,'',0,1,20,1,1,1,0,0,1,-406,0,'',12340);
> INSERT INTO `creature_template` VALUES (22563,0,0,0,0,0,'Ichman\'s Gryphon (1)','',NULL,0,70,70,0,1216,0,1.76,1.14286,1,1,20,1,0,13,1175,2000,1,1,1,0,2048,0,0,1,0,0,0,0,0,0,0,0,'',0,1,35,1,1,1,0,174,1,-406,0,'',12340);
> INSERT INTO `creature_template` VALUES (22564,0,0,0,0,0,'Jeztor\'s War Rider (1)','',NULL,0,70,70,0,1214,0,1.76,1.14286,1,1,20,1,0,13,1175,2000,1,1,1,0,2048,0,0,1,0,0,0,0,0,0,0,0,'',0,1,35,1,1,1,0,174,1,-406,0,'',12340);
16535,16537c16535,16537
< INSERT INTO `creature_template` VALUES (22566,0,0,0,0,0,'Mulverick\'s War Rider (1)','',NULL,0,60,70,0,1214,0,1.76,1.14286,1,1,20,1,0,13,1175,2000,1,1,1,0,2048,0,0,1,0,0,0,0,0,0,0,0,'',0,1,35,1,1,1,0,174,1,0,0,'',12340);
< INSERT INTO `creature_template` VALUES (22567,0,0,0,0,0,'Murgot Deepforge (1)','',NULL,5021,70,70,0,1216,3,1.79,1.14286,1,1,20,1,0,13,2000,2000,1,1,1,4096,2048,0,0,7,0,13257,0,0,0,0,6064,7928,'',1,1,10,1,1,1,0,0,1,0,0,'',12340);
< INSERT INTO `creature_template` VALUES (22568,0,0,0,0,0,'Primalist Thurloga (1)','',NULL,0,70,70,0,1214,2,1.79,1.14286,1,1,20,1,0,13,2000,2000,1,1,2,4160,2048,0,0,7,0,13236,0,0,0,0,1388,1822,'',1,1,12,12,1,1,0,180,1,0,0,'',12340);
---
> INSERT INTO `creature_template` VALUES (22566,0,0,0,0,0,'Mulverick\'s War Rider (1)','',NULL,0,60,70,0,1214,0,1.76,1.14286,1,1,20,1,0,13,1175,2000,1,1,1,0,2048,0,0,1,0,0,0,0,0,0,0,0,'',0,1,35,1,1,1,0,174,1,-406,0,'',12340);
> INSERT INTO `creature_template` VALUES (22567,0,0,0,0,0,'Murgot Deepforge (1)','',NULL,5021,70,70,0,1216,3,1.79,1.14286,1,1,20,1,0,13,2000,2000,1,1,1,4096,2048,0,0,7,0,13257,0,0,0,0,6064,7928,'',1,1,10,1,1,1,0,0,1,-386,0,'',12340);
> INSERT INTO `creature_template` VALUES (22568,0,0,0,0,0,'Primalist Thurloga (1)','',NULL,0,70,70,0,1214,2,1.79,1.14286,1,1,20,1,0,13,2000,2000,1,1,2,4160,2048,0,0,7,0,13236,0,0,0,0,1388,1822,'',1,1,12,12,1,1,0,180,1,-386,0,'',12340);
16539,16542c16539,16542
< INSERT INTO `creature_template` VALUES (22570,0,0,0,0,0,'Slidore\'s Gryphon (1)','',NULL,0,60,70,0,1216,0,1.76,1.14286,1,1,20,1,0,13,1175,2000,1,1,1,0,2048,0,0,1,0,0,0,0,0,0,0,0,'',1,1,35,1,1,1,0,174,1,0,0,'',12340);
< INSERT INTO `creature_template` VALUES (22571,0,0,0,0,0,'Smith Regzar (1)','',NULL,5124,70,70,0,1215,3,1.79,1.14286,1,1,20,1,0,13,2000,2000,1,1,1,4160,2048,0,0,7,0,13176,0,0,0,0,2238,2932,'',1,1,10,1,1,1,0,0,1,0,0,'',12340);
< INSERT INTO `creature_template` VALUES (22572,0,0,0,0,0,'Stonehearth Marshal (1)','',NULL,0,70,70,0,1534,0,1.76,1.14286,1,1,20,1,0,13,1175,2000,1,1,1,0,2048,0,0,7,0,14765,0,0,0,0,0,0,'',1,1,20,1,1,1,0,0,1,0,0,'',12340);
< INSERT INTO `creature_template` VALUES (22573,0,0,0,0,0,'Stonehearth Warmaster (1)','',NULL,0,70,70,0,1214,0,1.2,1.14286,1,1,20,1,0,7.5,2000,2000,1,1,1,0,2048,0,0,7,0,0,0,0,0,0,12098,15808,'',0,1,20,1,1,1,0,0,1,0,0,'',12340);
---
> INSERT INTO `creature_template` VALUES (22570,0,0,0,0,0,'Slidore\'s Gryphon (1)','',NULL,0,60,70,0,1216,0,1.76,1.14286,1,1,20,1,0,13,1175,2000,1,1,1,0,2048,0,0,1,0,0,0,0,0,0,0,0,'',1,1,35,1,1,1,0,174,1,-406,0,'',12340);
> INSERT INTO `creature_template` VALUES (22571,0,0,0,0,0,'Smith Regzar (1)','',NULL,5124,70,70,0,1215,3,1.79,1.14286,1,1,20,1,0,13,2000,2000,1,1,1,4160,2048,0,0,7,0,13176,0,0,0,0,2238,2932,'',1,1,10,1,1,1,0,0,1,-386,0,'',12340);
> INSERT INTO `creature_template` VALUES (22572,0,0,0,0,0,'Stonehearth Marshal (1)','',NULL,0,70,70,0,1534,0,1.76,1.14286,1,1,20,1,0,13,1175,2000,1,1,1,0,2048,0,0,7,0,14765,0,0,0,0,0,0,'',1,1,20,1,1,1,0,0,1,-406,0,'',12340);
> INSERT INTO `creature_template` VALUES (22573,0,0,0,0,0,'Stonehearth Warmaster (1)','',NULL,0,70,70,0,1214,0,1.2,1.14286,1,1,20,1,0,7.5,2000,2000,1,1,1,0,2048,0,0,7,0,0,0,0,0,0,12098,15808,'',0,1,20,1,1,1,0,0,1,-406,0,'',12340);
16544,16546c16544,16546
< INSERT INTO `creature_template` VALUES (22575,0,0,0,0,0,'Stormpike Ram Rider Commander (1)','',NULL,5281,70,70,0,1216,3,1.79,1.14286,1,1,20,1,0,13,2000,2000,1,1,1,4160,2048,0,0,7,0,13577,0,0,0,0,5044,6596,'',1,1,8,1,1,1,0,0,1,0,0,'',12340);
< INSERT INTO `creature_template` VALUES (22576,0,0,0,0,0,'Stormpike Shredder Unit (1)','',NULL,0,60,60,0,1216,0,1.76,1.14286,1,1,20,1,0,13,1175,2000,1,1,1,0,2048,0,0,9,0,13416,0,0,0,0,0,0,'',0,1,7,2,1,1,0,0,1,0,0,'',12340);
< INSERT INTO `creature_template` VALUES (22577,0,0,0,0,0,'Stormpike Stable Master (1)','Stable Master',NULL,9821,70,70,0,1216,4194307,1.78,1.14286,1,1,20,1,0,13,2000,2000,1,1,1,4160,2048,0,0,7,0,13617,0,0,0,0,8784,11480,'',1,1,15,1,1,1,0,0,1,0,0,'',12340);
---
> INSERT INTO `creature_template` VALUES (22575,0,0,0,0,0,'Stormpike Ram Rider Commander (1)','',NULL,5281,70,70,0,1216,3,1.79,1.14286,1,1,20,1,0,13,2000,2000,1,1,1,4160,2048,0,0,7,0,13577,0,0,0,0,5044,6596,'',1,1,8,1,1,1,0,0,1,-386,0,'',12340);
> INSERT INTO `creature_template` VALUES (22576,0,0,0,0,0,'Stormpike Shredder Unit (1)','',NULL,0,60,60,0,1216,0,1.76,1.14286,1,1,20,1,0,13,1175,2000,1,1,1,0,2048,0,0,9,0,13416,0,0,0,0,0,0,'',0,1,7,2,1,1,0,0,1,-93,0,'',12340);
> INSERT INTO `creature_template` VALUES (22577,0,0,0,0,0,'Stormpike Stable Master (1)','Stable Master',NULL,9821,70,70,0,1216,4194307,1.78,1.14286,1,1,20,1,0,13,2000,2000,1,1,1,4160,2048,0,0,7,0,13617,0,0,0,0,8784,11480,'',1,1,15,1,1,1,0,0,1,-386,0,'',12340);
16548,16549c16548,16549
< INSERT INTO `creature_template` VALUES (22579,0,0,0,0,0,'Tower Point Marshal (1)','',NULL,0,70,70,0,1534,0,1.76,1.14286,1,1,20,1,0,13,1175,2000,1,1,1,0,2048,0,0,7,0,14767,0,0,0,0,0,0,'',0,1,20,1,1,1,0,0,1,0,0,'',12340);
< INSERT INTO `creature_template` VALUES (22580,0,0,0,0,0,'Tower Point Warmaster (1)','',NULL,0,70,70,0,1214,0,1.76,1.14286,1,1,20,1,0,13,2000,2000,1,1,1,4096,2048,0,0,7,0,0,0,0,0,0,0,0,'',1,1,20,1,1,1,0,0,1,0,0,'',12340);
---
> INSERT INTO `creature_template` VALUES (22579,0,0,0,0,0,'Tower Point Marshal (1)','',NULL,0,70,70,0,1534,0,1.76,1.14286,1,1,20,1,0,13,1175,2000,1,1,1,0,2048,0,0,7,0,14767,0,0,0,0,0,0,'',0,1,20,1,1,1,0,0,1,-406,0,'',12340);
> INSERT INTO `creature_template` VALUES (22580,0,0,0,0,0,'Tower Point Warmaster (1)','',NULL,0,70,70,0,1214,0,1.76,1.14286,1,1,20,1,0,13,2000,2000,1,1,1,4096,2048,0,0,7,0,0,0,0,0,0,0,0,'',1,1,20,1,1,1,0,0,1,-406,0,'',12340);
16562c16562
< INSERT INTO `creature_template` VALUES (22593,0,0,0,0,0,'Vipore\'s Gryphon (1)','',NULL,0,70,70,0,1216,0,1.76,1.14286,1,1,20,1,0,13,1175,2000,1,1,1,0,2048,0,0,1,0,0,0,0,0,0,0,0,'',0,1,35,1,1,1,0,174,1,0,0,'',12340);
---
> INSERT INTO `creature_template` VALUES (22593,0,0,0,0,0,'Vipore\'s Gryphon (1)','',NULL,0,70,70,0,1216,0,1.76,1.14286,1,1,20,1,0,13,1175,2000,1,1,1,0,2048,0,0,1,0,0,0,0,0,0,0,0,'',0,1,35,1,1,1,0,174,1,-406,0,'',12340);
16564,16567c16564,16567
< INSERT INTO `creature_template` VALUES (22595,0,0,0,0,0,'West Frostwolf Marshal (1)','',NULL,0,70,70,0,1534,0,1.76,1.14286,1,1,20,1,0,13,2000,2000,1,1,1,32768,2048,0,0,7,0,14769,0,0,0,0,0,0,'',1,1,20,1,1,1,0,0,1,0,0,'',12340);
< INSERT INTO `creature_template` VALUES (22596,0,0,0,0,0,'West Frostwolf Warmaster (1)','',NULL,0,70,70,0,1214,0,1.76,1.14286,1,1,20,1,0,13,2000,2000,1,1,1,4096,2048,0,0,7,0,14777,0,0,0,0,0,0,'',1,1,20,1,1,1,0,0,1,0,0,'',12340);
< INSERT INTO `creature_template` VALUES (22597,0,0,0,0,0,'Wing Commander Ichman (1)','',NULL,5146,70,70,0,1217,3,1.76,1.14286,1,1,20,1,0,13,2000,2000,1,1,1,4928,2048,0,0,7,0,0,0,0,0,0,1644,2156,'',1,1,10,1,1,1,0,0,1,0,2,'',12340);
< INSERT INTO `creature_template` VALUES (22598,0,0,0,0,0,'Wing Commander Mulverick (1)','',NULL,0,70,70,0,1215,2,1.76,1.14286,1,1,20,1,0,13,2000,2000,1,1,1,4928,2048,0,0,7,0,0,13181,0,0,0,3174,4154,'',1,1,10,1,1,1,0,0,1,0,2,'',12340);
---
> INSERT INTO `creature_template` VALUES (22595,0,0,0,0,0,'West Frostwolf Marshal (1)','',NULL,0,70,70,0,1534,0,1.76,1.14286,1,1,20,1,0,13,2000,2000,1,1,1,32768,2048,0,0,7,0,14769,0,0,0,0,0,0,'',1,1,20,1,1,1,0,0,1,-406,0,'',12340);
> INSERT INTO `creature_template` VALUES (22596,0,0,0,0,0,'West Frostwolf Warmaster (1)','',NULL,0,70,70,0,1214,0,1.76,1.14286,1,1,20,1,0,13,2000,2000,1,1,1,4096,2048,0,0,7,0,14777,0,0,0,0,0,0,'',1,1,20,1,1,1,0,0,1,-406,0,'',12340);
> INSERT INTO `creature_template` VALUES (22597,0,0,0,0,0,'Wing Commander Ichman (1)','',NULL,5146,70,70,0,1217,3,1.76,1.14286,1,1,20,1,0,13,2000,2000,1,1,1,4928,2048,0,0,7,0,0,0,0,0,0,1644,2156,'',1,1,10,1,1,1,0,0,1,-386,2,'',12340);
> INSERT INTO `creature_template` VALUES (22598,0,0,0,0,0,'Wing Commander Mulverick (1)','',NULL,0,70,70,0,1215,2,1.76,1.14286,1,1,20,1,0,13,2000,2000,1,1,1,4928,2048,0,0,7,0,0,13181,0,0,0,3174,4154,'',1,1,10,1,1,1,0,0,1,-386,2,'',12340);
16583,16589c16583,16589
< INSERT INTO `creature_template` VALUES (22614,0,0,0,0,0,'Commander Duffy (1)','',NULL,0,71,71,0,1216,2,1.79,1.14286,1,1,20,1,0,13,2000,2000,1,1,1,4160,2048,0,0,7,0,13319,0,0,0,0,3516,4602,'',1,1,10,4,1,1,0,0,1,0,0,'',12340);
< INSERT INTO `creature_template` VALUES (22615,0,0,0,0,0,'Commander Karl Philips (1)','',NULL,0,71,71,1,1216,2,1,1.14286,1,1,20,1,0,1,2000,2000,1,1,1,4160,2048,0,0,7,0,13320,13320,0,0,0,6236,8154,'',1,1,10,4,1,1,0,0,1,0,0,'',12340);
< INSERT INTO `creature_template` VALUES (22616,0,0,0,0,0,'Commander Louis Philips (1)','',NULL,0,71,71,0,1214,2,1.8,1.14286,1,1,20,1,0,13,2000,2000,1,1,1,36928,2048,0,0,7,0,13154,13154,0,0,0,6322,8264,'',1,1,10,4,1,1,0,0,1,0,0,'',12340);
< INSERT INTO `creature_template` VALUES (22617,0,0,0,0,0,'Commander Malgor (1)','',NULL,0,71,71,0,1214,0,1.79,1.14286,1,1,20,1,0,13,2000,2000,1,1,1,4160,2048,0,0,7,0,13152,13152,0,0,0,6236,8154,'',1,1,10,4,1,1,0,0,1,0,0,'',12340);
< INSERT INTO `creature_template` VALUES (22618,0,0,0,0,0,'Commander Mortimer (1)','',NULL,0,71,71,0,1216,0,1.78,1.14286,1,1,20,1,0,13,2000,2000,1,1,1,4160,2048,0,0,7,0,13318,0,0,0,0,6322,8264,'',1,1,10,4,1,1,0,0,1,0,0,'',12340);
< INSERT INTO `creature_template` VALUES (22619,0,0,0,0,0,'Commander Mulfort (1)','',NULL,0,71,71,0,1214,2,1.8,1.14286,1,1,20,1,0,13,2000,2000,1,1,1,4160,2048,0,0,7,0,13153,13153,0,0,0,6236,8154,'',1,1,10,4,1,1,0,0,1,0,0,'',12340);
< INSERT INTO `creature_template` VALUES (22620,0,0,0,0,0,'Commander Randolph (1)','',NULL,0,71,71,0,1216,0,1.8,1.14286,1,1,20,1,0,13,1141,2000,1,1,1,0,2048,0,0,7,0,13139,0,0,0,0,6322,8264,'',1,1,10,4,1,1,0,0,1,0,0,'',12340);
---
> INSERT INTO `creature_template` VALUES (22614,0,0,0,0,0,'Commander Duffy (1)','',NULL,0,71,71,0,1216,2,1.79,1.14286,1,1,20,1,0,13,2000,2000,1,1,1,4160,2048,0,0,7,0,13319,0,0,0,0,3516,4602,'',1,1,10,4,1,1,0,0,1,-386,0,'',12340);
> INSERT INTO `creature_template` VALUES (22615,0,0,0,0,0,'Commander Karl Philips (1)','',NULL,0,71,71,1,1216,2,1,1.14286,1,1,20,1,0,1,2000,2000,1,1,1,4160,2048,0,0,7,0,13320,13320,0,0,0,6236,8154,'',1,1,10,4,1,1,0,0,1,-386,0,'',12340);
> INSERT INTO `creature_template` VALUES (22616,0,0,0,0,0,'Commander Louis Philips (1)','',NULL,0,71,71,0,1214,2,1.8,1.14286,1,1,20,1,0,13,2000,2000,1,1,1,36928,2048,0,0,7,0,13154,13154,0,0,0,6322,8264,'',1,1,10,4,1,1,0,0,1,-386,0,'',12340);
> INSERT INTO `creature_template` VALUES (22617,0,0,0,0,0,'Commander Malgor (1)','',NULL,0,71,71,0,1214,0,1.79,1.14286,1,1,20,1,0,13,2000,2000,1,1,1,4160,2048,0,0,7,0,13152,13152,0,0,0,6236,8154,'',1,1,10,4,1,1,0,0,1,-386,0,'',12340);
> INSERT INTO `creature_template` VALUES (22618,0,0,0,0,0,'Commander Mortimer (1)','',NULL,0,71,71,0,1216,0,1.78,1.14286,1,1,20,1,0,13,2000,2000,1,1,1,4160,2048,0,0,7,0,13318,0,0,0,0,6322,8264,'',1,1,10,4,1,1,0,0,1,-386,0,'',12340);
> INSERT INTO `creature_template` VALUES (22619,0,0,0,0,0,'Commander Mulfort (1)','',NULL,0,71,71,0,1214,2,1.8,1.14286,1,1,20,1,0,13,2000,2000,1,1,1,4160,2048,0,0,7,0,13153,13153,0,0,0,6236,8154,'',1,1,10,4,1,1,0,0,1,-386,0,'',12340);
> INSERT INTO `creature_template` VALUES (22620,0,0,0,0,0,'Commander Randolph (1)','',NULL,0,71,71,0,1216,0,1.8,1.14286,1,1,20,1,0,13,1141,2000,1,1,1,0,2048,0,0,7,0,13139,0,0,0,0,6322,8264,'',1,1,10,4,1,1,0,0,1,-386,0,'',12340);
16592,16593c16592,16593
< INSERT INTO `creature_template` VALUES (22623,0,0,0,0,0,'Frostwolf Explosives Expert (1)','',NULL,0,59,59,0,1214,2,1.77,1.14286,1,1,20,1,0,13,1166,2000,1,1,1,0,2048,0,0,7,0,13597,0,0,0,0,0,0,'',1,1,2.5,1,1,1,0,0,1,0,0,'',12340);
< INSERT INTO `creature_template` VALUES (22624,0,0,0,0,0,'Frostwolf Mine Layer (1)','',NULL,0,61,61,0,1214,0,1.77,1.14286,1,1,20,1,0,13,1166,2000,1,1,1,0,2048,0,0,7,0,13357,0,0,0,0,316,1584,'',0,1,5,1,1,1,0,0,1,0,0,'',12340);
---
> INSERT INTO `creature_template` VALUES (22623,0,0,0,0,0,'Frostwolf Explosives Expert (1)','',NULL,0,59,59,0,1214,2,1.77,1.14286,1,1,20,1,0,13,1166,2000,1,1,1,0,2048,0,0,7,0,13597,0,0,0,0,0,0,'',1,1,2.5,1,1,1,0,0,1,-386,0,'',12340);
> INSERT INTO `creature_template` VALUES (22624,0,0,0,0,0,'Frostwolf Mine Layer (1)','',NULL,0,61,61,0,1214,0,1.77,1.14286,1,1,20,1,0,13,1166,2000,1,1,1,0,2048,0,0,7,0,13357,0,0,0,0,316,1584,'',0,1,5,1,1,1,0,0,1,-386,0,'',12340);
16603,16604c16603,16604
< INSERT INTO `creature_template` VALUES (22634,0,0,0,0,0,'Stormpike Explosives Expert (1)','',NULL,0,60,60,0,1216,2,1.78,1.14286,1,1,20,1,0,13,1158,2000,1,1,1,0,2048,0,0,7,0,13598,0,0,0,0,0,0,'',1,1,2.5,1,1,1,0,0,1,0,0,'',12340);
< INSERT INTO `creature_template` VALUES (22635,0,0,0,0,0,'Stormpike Mine Layer (1)','',NULL,0,71,71,0,1216,0,1.77,1.14286,1,1,20,1,0,13,1166,2000,1,1,1,0,2048,0,0,7,0,13356,0,0,0,0,314,1572,'',0,1,5,1,1,1,0,0,1,0,0,'',12340);
---
> INSERT INTO `creature_template` VALUES (22634,0,0,0,0,0,'Stormpike Explosives Expert (1)','',NULL,0,60,60,0,1216,2,1.78,1.14286,1,1,20,1,0,13,1158,2000,1,1,1,0,2048,0,0,7,0,13598,0,0,0,0,0,0,'',1,1,2.5,1,1,1,0,0,1,-386,0,'',12340);
> INSERT INTO `creature_template` VALUES (22635,0,0,0,0,0,'Stormpike Mine Layer (1)','',NULL,0,71,71,0,1216,0,1.77,1.14286,1,1,20,1,0,13,1166,2000,1,1,1,0,2048,0,0,7,0,13356,0,0,0,0,314,1572,'',0,1,5,1,1,1,0,0,1,-386,0,'',12340);
16612c16612
< INSERT INTO `creature_template` VALUES (22643,0,0,0,0,0,'Korrak the Bloodrager (1)','',NULL,0,72,72,2,37,0,1,1.14286,1,1,20,1,0,13,2000,2000,1,1,1,0,2048,0,0,7,0,0,0,0,0,0,0,0,'',0,1,35,1,1,1,0,0,1,0,0,'',12340);
---
> INSERT INTO `creature_template` VALUES (22643,0,0,0,0,0,'Korrak the Bloodrager (1)','',NULL,0,72,72,2,37,0,1,1.14286,1,1,20,1,0,13,2000,2000,1,1,1,0,2048,0,0,7,0,0,0,0,0,0,0,0,'',0,1,35,1,1,1,0,0,1,-406,0,'',12340);
16617c16617
< INSERT INTO `creature_template` VALUES (22648,0,0,0,0,0,'Frostwolf Quartermaster (1)','',NULL,0,65,65,0,1215,130,1.26,1.14286,1,1,20,0,0,1,2000,2000,1,1,1,4096,2048,0,0,7,0,0,0,0,0,0,0,0,'',1,1,10,1,1,1,0,0,1,0,2,'',12340);
---
> INSERT INTO `creature_template` VALUES (22648,0,0,0,0,0,'Frostwolf Quartermaster (1)','',NULL,0,65,65,0,1215,130,1.26,1.14286,1,1,20,0,0,1,2000,2000,1,1,1,4096,2048,0,0,7,0,0,0,0,0,0,0,0,'',1,1,10,1,1,1,0,0,1,-386,2,'',12340);
16627c16627
< INSERT INTO `creature_template` VALUES (22658,0,0,0,0,0,'Stormpike Quartermaster (1)','',NULL,5241,65,65,0,1217,131,1.26,1.14286,1,1,20,0,0,1,2000,2000,1,1,1,4096,2048,0,0,7,0,0,0,0,0,0,0,0,'',1,1,10,1,1,1,0,0,1,0,2,'',12340);
---
> INSERT INTO `creature_template` VALUES (22658,0,0,0,0,0,'Stormpike Quartermaster (1)','',NULL,5241,65,65,0,1217,131,1.26,1.14286,1,1,20,0,0,1,2000,2000,1,1,1,4096,2048,0,0,7,0,0,0,0,0,0,0,0,'',1,1,10,1,1,1,0,0,1,-386,2,'',12340);
16639c16639
< INSERT INTO `creature_template` VALUES (22670,0,0,0,0,0,'Aggi Rumblestomp (1)','',NULL,0,68,68,0,1216,0,1.75,1.14286,1,1,20,0,0,1,1191,2000,1,1,1,0,2048,0,0,7,0,13086,0,0,0,0,0,0,'',1,1,1,1,1,1,0,0,1,0,0,'',12340);
---
> INSERT INTO `creature_template` VALUES (22670,0,0,0,0,0,'Aggi Rumblestomp (1)','',NULL,0,68,68,0,1216,0,1.75,1.14286,1,1,20,0,0,1,1191,2000,1,1,1,0,2048,0,0,7,0,13086,0,0,0,0,0,0,'',1,1,1,1,1,1,0,0,1,-386,0,'',12340);
16649,16650c16649,16650
< INSERT INTO `creature_template` VALUES (22680,0,0,0,0,0,'Gaelden Hammersmith (1)','Stormpike Supply Officer',NULL,0,68,68,0,1217,4224,1.75,1.14286,1,1,20,1,0,13,2000,2000,1,1,1,4160,2048,0,0,7,0,0,0,0,0,0,1722,2258,'',1,1,10,1,1,1,0,0,1,0,2,'',12340);
< INSERT INTO `creature_template` VALUES (22681,0,0,0,0,0,'Grunnda Wolfheart (1)','Frostwolf Supply Officer',NULL,0,68,68,0,1215,4224,1.75,1.14286,1,1,20,1,0,13,2000,2000,1,1,1,4160,2048,0,0,7,0,13218,13218,0,0,0,2316,3034,'',1,1,10,1,1,1,0,0,1,0,2,'',12340);
---
> INSERT INTO `creature_template` VALUES (22680,0,0,0,0,0,'Gaelden Hammersmith (1)','Stormpike Supply Officer',NULL,0,68,68,0,1217,4224,1.75,1.14286,1,1,20,1,0,13,2000,2000,1,1,1,4160,2048,0,0,7,0,0,0,0,0,0,1722,2258,'',1,1,10,1,1,1,0,0,1,-386,2,'',12340);
> INSERT INTO `creature_template` VALUES (22681,0,0,0,0,0,'Grunnda Wolfheart (1)','Frostwolf Supply Officer',NULL,0,68,68,0,1215,4224,1.75,1.14286,1,1,20,1,0,13,2000,2000,1,1,1,4160,2048,0,0,7,0,13218,13218,0,0,0,2316,3034,'',1,1,10,1,1,1,0,0,1,-386,2,'',12340);
16652,16654c16652,16654
< INSERT INTO `creature_template` VALUES (22683,0,0,0,0,0,'Keetar (1)','',NULL,0,68,68,0,1214,2,1.76,1.14286,1,1,20,0,0,1,1183,2000,1,1,1,0,2048,0,0,7,0,13079,13079,0,0,0,0,0,'',0,1,1,1,1,1,0,0,1,0,0,'',12340);
< INSERT INTO `creature_template` VALUES (22684,0,0,0,0,0,'Masha Swiftcut (1)','',NULL,0,68,68,0,1214,2,1.76,1.14286,1,1,20,0,0,1,1183,2000,1,1,1,0,2048,0,0,7,0,13088,0,0,0,0,0,0,'',1,1,1,1,1,1,0,0,1,0,0,'',12340);
< INSERT INTO `creature_template` VALUES (22685,0,0,0,0,0,'Morloch (1)','',NULL,0,68,68,1,59,0,1.77,1.14286,1,1,20,0,0,1,2000,2000,1,1,2,512,2048,0,0,7,0,11657,11657,0,0,0,314,420,'',1,1,1,2,1,1,0,0,1,0,0,'',12340);
---
> INSERT INTO `creature_template` VALUES (22683,0,0,0,0,0,'Keetar (1)','',NULL,0,68,68,0,1214,2,1.76,1.14286,1,1,20,0,0,1,1183,2000,1,1,1,0,2048,0,0,7,0,13079,13079,0,0,0,0,0,'',0,1,1,1,1,1,0,0,1,-386,0,'',12340);
> INSERT INTO `creature_template` VALUES (22684,0,0,0,0,0,'Masha Swiftcut (1)','',NULL,0,68,68,0,1214,2,1.76,1.14286,1,1,20,0,0,1,1183,2000,1,1,1,0,2048,0,0,7,0,13088,0,0,0,0,0,0,'',1,1,1,1,1,1,0,0,1,-386,0,'',12340);
> INSERT INTO `creature_template` VALUES (22685,0,0,0,0,0,'Morloch (1)','',NULL,0,68,68,1,59,0,1.77,1.14286,1,1,20,0,0,1,2000,2000,1,1,2,512,2048,0,0,7,0,11657,11657,0,0,0,314,420,'',1,1,1,2,1,1,0,0,1,-386,0,'',12340);
16663c16663
< INSERT INTO `creature_template` VALUES (22694,0,0,0,0,0,'Taskmaster Snivvle (1)','',NULL,0,68,68,0,26,0,1.76,1.14286,1,1,20,0,0,1,1175,2000,1,1,2,0,2048,0,0,7,0,11677,11677,0,0,0,0,0,'',1,1,1,1,1,1,0,0,1,0,0,'',12340);
---
> INSERT INTO `creature_template` VALUES (22694,0,0,0,0,0,'Taskmaster Snivvle (1)','',NULL,0,68,68,0,26,0,1.76,1.14286,1,1,20,0,0,1,1175,2000,1,1,2,0,2048,0,0,7,0,11677,11677,0,0,0,0,0,'',1,1,1,1,1,1,0,0,1,-386,0,'',12340);
16665,16667c16665,16667
< INSERT INTO `creature_template` VALUES (22696,0,0,0,0,0,'Umi Thorson (1)','',NULL,0,68,68,0,1216,0,1.77,1.14286,1,1,20,0,0,1,2000,2000,1,1,1,4096,2048,0,0,7,0,13078,13078,0,0,0,344,458,'',0,1,1,1,1,1,0,0,1,0,0,'',12340);
< INSERT INTO `creature_template` VALUES (22697,0,0,0,0,0,'Wing Commander Jeztor (1)','',NULL,0,68,68,0,1215,2,1.75,1.14286,1,1,20,1,0,13,2000,2000,1,1,1,4160,2048,0,0,7,0,0,13180,0,0,0,2996,3922,'',1,1,10,1,1,1,0,0,1,0,2,'',12340);
< INSERT INTO `creature_template` VALUES (22698,0,0,0,0,0,'Wing Commander Slidore (1)','',NULL,0,68,68,0,1217,2,1.77,1.14286,1,1,20,1,0,13,2000,2000,1,1,1,4160,2048,0,0,7,0,13438,0,0,0,0,2742,3590,'',1,1,10,1,1,1,0,0,1,0,2,'',12340);
---
> INSERT INTO `creature_template` VALUES (22696,0,0,0,0,0,'Umi Thorson (1)','',NULL,0,68,68,0,1216,0,1.77,1.14286,1,1,20,0,0,1,2000,2000,1,1,1,4096,2048,0,0,7,0,13078,13078,0,0,0,344,458,'',0,1,1,1,1,1,0,0,1,-386,0,'',12340);
> INSERT INTO `creature_template` VALUES (22697,0,0,0,0,0,'Wing Commander Jeztor (1)','',NULL,0,68,68,0,1215,2,1.75,1.14286,1,1,20,1,0,13,2000,2000,1,1,1,4160,2048,0,0,7,0,0,13180,0,0,0,2996,3922,'',1,1,10,1,1,1,0,0,1,-386,2,'',12340);
> INSERT INTO `creature_template` VALUES (22698,0,0,0,0,0,'Wing Commander Slidore (1)','',NULL,0,68,68,0,1217,2,1.77,1.14286,1,1,20,1,0,13,2000,2000,1,1,1,4160,2048,0,0,7,0,13438,0,0,0,0,2742,3590,'',1,1,10,1,1,1,0,0,1,-386,2,'',12340);
16669,16674c16669,16674
< INSERT INTO `creature_template` VALUES (22700,0,0,0,0,0,'Lieutenant Greywand (1)','',NULL,0,69,69,0,1216,0,1,1.14286,1,1,20,1,0,13,2000,2000,1,1,1,4160,2048,0,0,7,0,13298,13298,0,0,0,4784,6258,'',1,1,8,4,1,1,0,0,1,0,0,'',12340);
< INSERT INTO `creature_template` VALUES (22701,0,0,0,0,0,'Lieutenant Grummus (1)','',NULL,0,69,69,0,1214,0,3.54,1.14286,1,1,20,1,0,13,2000,2000,1,1,1,4160,2048,0,0,6,0,13145,13145,0,0,0,4870,6368,'',1,1,8,4,1,1,0,0,1,-93,0,'',12340);
< INSERT INTO `creature_template` VALUES (22702,0,0,0,0,0,'Lieutenant Largent (1)','',NULL,0,69,69,1,1216,0,1,1.38571,1,1,20,1,0,1,2000,2000,1,1,1,4160,2048,0,0,7,0,13296,13296,0,0,0,4784,6258,'',1,1,8,4,1,1,0,0,1,0,0,'',12340);
< INSERT INTO `creature_template` VALUES (22703,0,0,0,0,0,'Lieutenant Lewis (1)','',NULL,0,69,69,0,1214,0,1.77,1.14286,1,1,20,1,0,13,2000,2000,1,1,1,4160,2048,0,0,7,0,13147,13147,0,0,0,4784,6258,'',1,1,8,4,1,1,0,0,1,0,0,'',12340);
< INSERT INTO `creature_template` VALUES (22704,0,0,0,0,0,'Lieutenant Lonadin (1)','',NULL,0,69,69,0,1216,0,1.77,1.14286,1,1,20,1,0,13,2000,2000,1,1,1,4160,2048,0,0,7,0,13299,13299,0,0,0,4784,6258,'',1,1,8,4,1,1,0,0,1,0,0,'',12340);
< INSERT INTO `creature_template` VALUES (22705,0,0,0,0,0,'Lieutenant Mancuso (1)','',NULL,0,69,69,0,1216,0,1,1.14286,1,1,20,1,0,13,1158,2000,1,1,1,0,2048,0,0,7,0,13300,0,0,0,0,4784,6258,'',1,1,8,4,1,1,0,0,1,0,0,'',12340);
---
> INSERT INTO `creature_template` VALUES (22700,0,0,0,0,0,'Lieutenant Greywand (1)','',NULL,0,69,69,0,1216,0,1,1.14286,1,1,20,1,0,13,2000,2000,1,1,1,4160,2048,0,0,7,0,13298,13298,0,0,0,4784,6258,'',1,1,8,4,1,1,0,0,1,-386,0,'',12340);
> INSERT INTO `creature_template` VALUES (22701,0,0,0,0,0,'Lieutenant Grummus (1)','',NULL,0,69,69,0,1214,0,3.54,1.14286,1,1,20,1,0,13,2000,2000,1,1,1,4160,2048,0,0,6,0,13145,13145,0,0,0,4870,6368,'',1,1,8,4,1,1,0,0,1,-386,0,'',12340);
> INSERT INTO `creature_template` VALUES (22702,0,0,0,0,0,'Lieutenant Largent (1)','',NULL,0,69,69,1,1216,0,1,1.38571,1,1,20,1,0,1,2000,2000,1,1,1,4160,2048,0,0,7,0,13296,13296,0,0,0,4784,6258,'',1,1,8,4,1,1,0,0,1,-386,0,'',12340);
> INSERT INTO `creature_template` VALUES (22703,0,0,0,0,0,'Lieutenant Lewis (1)','',NULL,0,69,69,0,1214,0,1.77,1.14286,1,1,20,1,0,13,2000,2000,1,1,1,4160,2048,0,0,7,0,13147,13147,0,0,0,4784,6258,'',1,1,8,4,1,1,0,0,1,-386,0,'',12340);
> INSERT INTO `creature_template` VALUES (22704,0,0,0,0,0,'Lieutenant Lonadin (1)','',NULL,0,69,69,0,1216,0,1.77,1.14286,1,1,20,1,0,13,2000,2000,1,1,1,4160,2048,0,0,7,0,13299,13299,0,0,0,4784,6258,'',1,1,8,4,1,1,0,0,1,-386,0,'',12340);
> INSERT INTO `creature_template` VALUES (22705,0,0,0,0,0,'Lieutenant Mancuso (1)','',NULL,0,69,69,0,1216,0,1,1.14286,1,1,20,1,0,13,1158,2000,1,1,1,0,2048,0,0,7,0,13300,0,0,0,0,4784,6258,'',1,1,8,4,1,1,0,0,1,-386,0,'',12340);
16676,16680c16676,16680
< INSERT INTO `creature_template` VALUES (22707,0,0,0,0,0,'Lieutenant Rugba (1)','',NULL,0,69,69,0,1214,0,1.78,1.14286,1,1,20,1,0,13,2000,2000,1,1,1,4160,2048,0,0,7,0,13137,13137,0,0,0,4784,6258,'',1,1,8,4,1,1,0,0,1,0,0,'',12340);
< INSERT INTO `creature_template` VALUES (22708,0,0,0,0,0,'Lieutenant Spencer (1)','',NULL,0,69,69,0,1216,0,1.78,1.14286,1,1,20,1,0,13,2000,2000,1,1,1,4160,2048,0,0,7,0,13138,13138,0,0,0,4784,6258,'',1,1,8,4,1,1,0,0,1,0,0,'',12340);
< INSERT INTO `creature_template` VALUES (22709,0,0,0,0,0,'Lieutenant Stouthandle (1)','',NULL,0,69,69,0,1216,0,1.77,1.14286,1,1,20,1,0,13,1166,2000,1,1,1,0,2048,0,0,7,0,13297,13297,0,0,0,4784,6258,'',1,1,8,4,1,1,0,0,1,0,0,'',12340);
< INSERT INTO `creature_template` VALUES (22710,0,0,0,0,0,'Lieutenant Stronghoof (1)','',NULL,0,69,69,0,1214,0,1.78,1.14286,1,1,20,1,0,13,2000,2000,1,1,1,4160,2048,0,0,7,0,13143,13143,0,0,0,4870,6368,'',1,1,8,4,1,1,0,0,1,0,0,'',12340);
< INSERT INTO `creature_template` VALUES (22711,0,0,0,0,0,'Lieutenant Vol\'talar (1)','',NULL,0,69,69,0,1214,0,1.77,1.14286,1,1,20,1,0,13,2000,2000,1,1,1,4160,2048,0,0,7,0,13144,13144,0,0,0,4784,6258,'',1,1,8,4,1,1,0,0,1,0,0,'',12340);
---
> INSERT INTO `creature_template` VALUES (22707,0,0,0,0,0,'Lieutenant Rugba (1)','',NULL,0,69,69,0,1214,0,1.78,1.14286,1,1,20,1,0,13,2000,2000,1,1,1,4160,2048,0,0,7,0,13137,13137,0,0,0,4784,6258,'',1,1,8,4,1,1,0,0,1,-386,0,'',12340);
> INSERT INTO `creature_template` VALUES (22708,0,0,0,0,0,'Lieutenant Spencer (1)','',NULL,0,69,69,0,1216,0,1.78,1.14286,1,1,20,1,0,13,2000,2000,1,1,1,4160,2048,0,0,7,0,13138,13138,0,0,0,4784,6258,'',1,1,8,4,1,1,0,0,1,-386,0,'',12340);
> INSERT INTO `creature_template` VALUES (22709,0,0,0,0,0,'Lieutenant Stouthandle (1)','',NULL,0,69,69,0,1216,0,1.77,1.14286,1,1,20,1,0,13,1166,2000,1,1,1,0,2048,0,0,7,0,13297,13297,0,0,0,4784,6258,'',1,1,8,4,1,1,0,0,1,-386,0,'',12340);
> INSERT INTO `creature_template` VALUES (22710,0,0,0,0,0,'Lieutenant Stronghoof (1)','',NULL,0,69,69,0,1214,0,1.78,1.14286,1,1,20,1,0,13,2000,2000,1,1,1,4160,2048,0,0,7,0,13143,13143,0,0,0,4870,6368,'',1,1,8,4,1,1,0,0,1,-386,0,'',12340);
> INSERT INTO `creature_template` VALUES (22711,0,0,0,0,0,'Lieutenant Vol\'talar (1)','',NULL,0,69,69,0,1214,0,1.77,1.14286,1,1,20,1,0,13,2000,2000,1,1,1,4160,2048,0,0,7,0,13144,13144,0,0,0,4784,6258,'',1,1,8,4,1,1,0,0,1,-386,0,'',12340);
16690,16693c16690,16693
< INSERT INTO `creature_template` VALUES (22721,0,0,0,0,0,'Wing Commander Guse (1)','',NULL,0,69,69,0,1215,2,1.77,1.14286,1,1,20,1,0,13,2000,2000,1,1,1,4928,2048,0,0,7,0,13179,13179,0,0,0,2914,3816,'',1,1,10,1,1,1,0,0,1,0,2,'',12340);
< INSERT INTO `creature_template` VALUES (22722,0,0,0,0,0,'Wing Commander Vipore (1)','',NULL,5147,69,69,0,1217,3,1.76,1.14286,1,1,20,1,0,13,2000,2000,1,1,1,4928,2048,0,0,7,0,0,0,0,0,0,2490,3260,'',1,1,10,1,1,1,0,0,1,0,2,'',12340);
< INSERT INTO `creature_template` VALUES (22723,0,0,0,0,0,'Jotek (1)','',NULL,0,70,71,0,1214,2,1.8,1.14286,1,1,20,1,0,13,2000,2000,1,1,1,4160,2048,0,0,7,0,13798,0,0,0,0,1728,2266,'',1,1,3.7,1,1,1,0,0,1,0,0,'',12340);
< INSERT INTO `creature_template` VALUES (22724,0,0,0,0,0,'Mountaineer Boombellow (1)','',NULL,0,71,71,0,1216,2,1.8,1.14286,1,1,20,1,0,13,1141,2000,1,1,1,0,2048,0,0,7,0,13797,0,0,0,0,2408,3154,'',1,1,3.7,1,1,1,0,0,1,0,0,'',12340);
---
> INSERT INTO `creature_template` VALUES (22721,0,0,0,0,0,'Wing Commander Guse (1)','',NULL,0,69,69,0,1215,2,1.77,1.14286,1,1,20,1,0,13,2000,2000,1,1,1,4928,2048,0,0,7,0,13179,13179,0,0,0,2914,3816,'',1,1,10,1,1,1,0,0,1,-386,2,'',12340);
> INSERT INTO `creature_template` VALUES (22722,0,0,0,0,0,'Wing Commander Vipore (1)','',NULL,5147,69,69,0,1217,3,1.76,1.14286,1,1,20,1,0,13,2000,2000,1,1,1,4928,2048,0,0,7,0,0,0,0,0,0,2490,3260,'',1,1,10,1,1,1,0,0,1,-386,2,'',12340);
> INSERT INTO `creature_template` VALUES (22723,0,0,0,0,0,'Jotek (1)','',NULL,0,70,71,0,1214,2,1.8,1.14286,1,1,20,1,0,13,2000,2000,1,1,1,4160,2048,0,0,7,0,13798,0,0,0,0,1728,2266,'',1,1,3.7,1,1,1,0,0,1,-386,0,'',12340);
> INSERT INTO `creature_template` VALUES (22724,0,0,0,0,0,'Mountaineer Boombellow (1)','',NULL,0,71,71,0,1216,2,1.8,1.14286,1,1,20,1,0,13,1141,2000,1,1,1,0,2048,0,0,7,0,13797,0,0,0,0,2408,3154,'',1,1,3.7,1,1,1,0,0,1,-386,0,'',12340);
16704c16704
< INSERT INTO `creature_template` VALUES (22735,0,0,0,0,0,'Corporal Noreg Stormpike (1)','',NULL,5081,68,69,0,1216,3,1.78,1.14286,1,1,20,1,0,13,2000,2000,1,1,1,4160,2048,0,0,7,0,13447,13447,0,0,0,1976,2590,'',1,1,3,1,1,1,0,0,1,0,0,'',12340);
---
> INSERT INTO `creature_template` VALUES (22735,0,0,0,0,0,'Corporal Noreg Stormpike (1)','',NULL,5081,68,69,0,1216,3,1.78,1.14286,1,1,20,1,0,13,2000,2000,1,1,1,4160,2048,0,0,7,0,13447,13447,0,0,0,1976,2590,'',1,1,3,1,1,1,0,0,1,-386,0,'',12340);
22427c22427
< INSERT INTO `creature_template` VALUES (28765,0,0,0,0,0,'The Lich King','','',0,83,83,2,2082,0,1,0.99206,1,1,18,3,0,35,2000,2000,1,1,1,33555200,2048,0,0,10,36,0,0,0,0,0,0,0,'',0,1,2000,1,1,1,0,0,1,0,0,'',12340);
---
> INSERT INTO `creature_template` VALUES (28765,0,0,0,0,0,'The Lich King','','',0,83,83,2,2082,0,1,0.99206,1,1,18,3,0,35,2000,2000,1,1,1,33555200,2048,0,0,10,36,0,0,0,0,0,0,0,'',0,1,2000,1,1,1,0,0,1,0,128,'',12340);
22442c22442
< INSERT INTO `creature_template` VALUES (28781,32796,0,0,0,0,'Battleground Demolisher','','vehichleCursor',0,70,70,0,168,16777216,1,1,1,1,20,0,0,1,2000,2000,1,1,1,32768,2048,0,0,9,131080,0,0,0,0,158,0,0,'NullCreatureAI',0,1,14.8148,1,1,1,0,112,0,-169,2,'',12340);
---
> INSERT INTO `creature_template` VALUES (28781,32796,0,0,0,0,'Battleground Demolisher','','vehichleCursor',0,70,70,0,168,16777216,1,1,1,1,20,0,0,1,2000,2000,1,1,1,32768,2048,0,0,9,131080,0,0,0,0,158,0,0,'NullCreatureAI',0,1,14.8148,1,1,1,0,112,0,-169,8388630,'',12340);
22827c22827
< INSERT INTO `creature_template` VALUES (29202,0,0,0,0,0,'Knight of the Ebon Blade','','',0,56,58,0,2051,0,1,1.14286,1,1,20,1,0,2.4,2000,2000,1,1,2,32768,2048,0,0,6,2048,0,0,0,0,0,0,0,'',0,1,15,10,1,1,0,0,1,-93,65536,'',12340);
---
> INSERT INTO `creature_template` VALUES (29202,0,0,0,0,0,'Knight of the Ebon Blade','','',0,56,58,0,2051,0,1,1.14286,1,1,20,1,0,2.4,2000,2000,1,1,2,32768,2048,0,0,6,2048,0,0,0,0,0,0,0,'SmartAI',0,1,15,10,1,1,0,0,1,-93,66048,'',12340);
22865,22867c22865,22867
< INSERT INTO `creature_template` VALUES (29241,0,0,0,0,0,'Carrion Spinner (1)','','',0,81,81,2,312,0,1,1.14286,1,1,20,1,0,13,2000,2000,1,1,1,64,2048,8,3,1,73,100006,0,0,13151,0,0,0,'',0,1,18,1,1,2.5,0,144,1,0,0,'',12340);
< INSERT INTO `creature_template` VALUES (29242,0,0,0,0,0,'Dread Creeper (1)','','',0,81,81,2,312,0,1,1.14286,1,1,20,1,0,13,2000,2000,1,1,1,64,2048,8,3,1,73,100006,0,0,13153,0,0,0,'',0,1,15,1,1,2.5,0,144,1,0,0,'',12340);
< INSERT INTO `creature_template` VALUES (29243,0,0,0,0,0,'Venom Stalker (1)','','',0,81,81,2,312,0,1,1.14286,1,1,20,1,0,13,2000,2000,1,1,1,64,2048,8,3,1,73,100006,0,0,13150,0,0,0,'',0,1,30,1,1,2.5,0,144,1,0,0,'',12340);
---
> INSERT INTO `creature_template` VALUES (29241,0,0,0,0,0,'Carrion Spinner (1)','','',0,81,81,2,312,0,1,1.14286,1,1,20,1,0,13,2000,2000,1,1,1,64,2048,8,3,1,73,100006,0,0,13151,0,0,0,'',0,1,18,1,1,2.5,0,144,1,-413,0,'',12340);
> INSERT INTO `creature_template` VALUES (29242,0,0,0,0,0,'Dread Creeper (1)','','',0,81,81,2,312,0,1,1.14286,1,1,20,1,0,13,2000,2000,1,1,1,64,2048,8,3,1,73,100006,0,0,13153,0,0,0,'',0,1,15,1,1,2.5,0,144,1,-413,0,'',12340);
> INSERT INTO `creature_template` VALUES (29243,0,0,0,0,0,'Venom Stalker (1)','','',0,81,81,2,312,0,1,1.14286,1,1,20,1,0,13,2000,2000,1,1,1,64,2048,8,3,1,73,100006,0,0,13150,0,0,0,'',0,1,30,1,1,2.5,0,144,1,-416,0,'',12340);
22871,22872c22871,22872
< INSERT INTO `creature_template` VALUES (29247,0,0,0,0,0,'Naxxramas Cultist (1)','','',0,81,81,2,312,0,1,1.14286,1,1,20,1,0,13,2000,2000,1,1,8,32832,2048,8,0,7,72,100005,0,0,0,0,11428,19048,'',0,1,5,10,1,2.5,0,144,1,0,0,'',12340);
< INSERT INTO `creature_template` VALUES (29248,0,0,0,0,0,'Naxxramas Acolyte (1)','','',0,81,81,2,312,0,1,1.14286,1,1,20,1,0,13,2000,2000,1,1,8,32832,2048,8,0,7,72,100005,0,0,0,0,11450,19082,'',0,1,5,10,1,2.5,0,144,1,0,0,'',12340);
---
> INSERT INTO `creature_template` VALUES (29247,0,0,0,0,0,'Naxxramas Cultist (1)','','',0,81,81,2,312,0,1,1.14286,1,1,20,1,0,13,2000,2000,1,1,8,32832,2048,8,0,7,72,100005,0,0,0,0,11428,19048,'',0,1,5,10,1,2.5,0,144,1,-414,0,'',12340);
> INSERT INTO `creature_template` VALUES (29248,0,0,0,0,0,'Naxxramas Acolyte (1)','','',0,81,81,2,312,0,1,1.14286,1,1,20,1,0,13,2000,2000,1,1,8,32832,2048,8,0,7,72,100005,0,0,0,0,11450,19082,'',0,1,5,10,1,2.5,0,144,1,-414,0,'',12340);
22880c22880
< INSERT INTO `creature_template` VALUES (29256,0,0,0,0,0,'Crypt Guard (1)','','',0,81,81,2,312,0,1,1.14286,1,1,20,1,0,13,2000,2000,1,1,1,64,2048,8,0,6,72,0,0,0,0,0,0,0,'',0,1,40,1,1,1,0,144,1,-93,0,'',12340);
---
> INSERT INTO `creature_template` VALUES (29256,0,0,0,0,0,'Crypt Guard (1)','','',0,81,81,2,312,0,1,1.14286,1,1,20,1,0,13,2000,2000,1,1,1,64,2048,8,0,6,72,0,0,0,0,0,0,0,'',0,1,40,1,1,1,0,144,1,-415,0,'',12340);
22891c22891
< INSERT INTO `creature_template` VALUES (29267,0,0,0,0,0,'Corpse Scarab (1)','','',0,80,80,2,21,0,0.833332,1.14286,1,1,20,0,0,1,2000,2000,1,1,1,0,2048,8,0,10,72,0,0,0,0,0,0,0,'',0,1,2,1,1,1,0,188,1,0,0,'',12340);
---
> INSERT INTO `creature_template` VALUES (29267,0,0,0,0,0,'Corpse Scarab (1)','','',0,80,80,2,21,0,0.833332,1.14286,1,1,20,0,0,1,2000,2000,1,1,1,0,2048,8,0,10,72,0,0,0,0,0,0,0,'',0,1,2,1,1,1,0,188,1,-398,0,'',12340);
22897,22898c22897,22898
< INSERT INTO `creature_template` VALUES (29273,0,0,0,0,0,'Naxxramas Follower (1)','','',0,81,81,2,312,0,1,1.14286,1,1,20,1,0,13,2000,2000,1,1,1,32832,2048,8,0,7,72,0,0,0,0,0,0,0,'',0,1,40,10,1,1,0,144,1,-70,0,'',12340);
< INSERT INTO `creature_template` VALUES (29274,0,0,0,0,0,'Naxxramas Worshipper (1)','','',0,81,81,2,312,0,1,1.14286,1,1,20,1,0,13,2000,2000,1,1,8,32832,2048,8,0,7,72,16506,0,0,0,0,0,0,'',0,1,20,10,1,1,0,144,1,-413,0,'',12340);
---
> INSERT INTO `creature_template` VALUES (29273,0,0,0,0,0,'Naxxramas Follower (1)','','',0,81,81,2,312,0,1,1.14286,1,1,20,1,0,13,2000,2000,1,1,1,32832,2048,8,0,7,72,0,0,0,0,0,0,0,'',0,1,40,10,1,1,0,144,1,-413,0,'',12340);
> INSERT INTO `creature_template` VALUES (29274,0,0,0,0,0,'Naxxramas Worshipper (1)','','',0,81,81,2,312,0,1,1.14286,1,1,20,1,0,13,2000,2000,1,1,8,32832,2048,8,0,7,72,16506,0,0,0,0,0,0,'',0,1,20,10,1,1,0,144,1,-414,0,'',12340);
22903c22903
< INSERT INTO `creature_template` VALUES (29279,0,0,0,0,0,'Maexxna Spiderling (1)','','',0,80,80,2,16,0,1,1.14286,1,1,20,0,0,1,2000,2000,1,1,1,0,2048,8,0,1,72,0,0,0,0,0,0,0,'',0,1,1,1,1,1,0,188,1,0,0,'',12340);
---
> INSERT INTO `creature_template` VALUES (29279,0,0,0,0,0,'Maexxna Spiderling (1)','','',0,80,80,2,16,0,1,1.14286,1,1,20,0,0,1,2000,2000,1,1,1,0,2048,8,0,1,72,0,0,0,0,0,0,0,'',0,1,1,1,1,1,0,188,1,-398,0,'',12340);
22909c22909
< INSERT INTO `creature_template` VALUES (29286,0,0,0,0,0,'Tomb Horror (1)','','',0,81,81,2,312,0,1,1.14286,1,1,20,1,0,13,2000,2000,1,1,1,64,2048,8,0,6,72,100006,0,0,0,0,0,0,'',1,1,35,1,1,2.5,0,144,1,-93,0,'',12340);
---
> INSERT INTO `creature_template` VALUES (29286,0,0,0,0,0,'Tomb Horror (1)','','',0,81,81,2,312,0,1,1.14286,1,1,20,1,0,13,2000,2000,1,1,1,64,2048,8,0,6,72,100006,0,0,0,0,0,0,'',1,1,35,1,1,2.5,0,144,1,-416,0,'',12340);
22977c22977
< INSERT INTO `creature_template` VALUES (29354,0,0,0,0,0,'Sewage Slime (1)','','',0,80,80,2,16,0,1,1.14286,1,1,20,1,0,13,2000,2000,1,1,1,64,2048,0,0,10,64,0,0,0,0,0,0,0,'',0,1,20,2,1,1,0,0,1,-93,0,'',12340);
---
> INSERT INTO `creature_template` VALUES (29354,0,0,0,0,0,'Sewage Slime (1)','','',0,80,80,2,16,0,1,1.14286,1,1,20,1,0,13,2000,2000,1,1,1,64,2048,0,0,10,64,0,0,0,0,0,0,0,'',0,1,20,2,1,1,0,0,1,-394,0,'',12340);
22979,22980c22979,22980
< INSERT INTO `creature_template` VALUES (29356,0,0,0,0,0,'Sludge Belcher (1)','','',0,82,82,2,21,0,1,1.14286,1,1,20,1,0,13,2500,2000,1,1,1,64,2048,8,0,6,72,100005,0,0,0,0,17046,17046,'',0,1,25,1,1,2.5,0,144,1,-93,0,'',12340);
< INSERT INTO `creature_template` VALUES (29357,0,0,0,0,0,'Bile Sludge (1)','','',0,82,82,2,14,0,0.4,1.14286,1,1,20,0,0,1,2000,2000,1,1,1,64,2048,0,0,10,64,0,0,0,0,0,0,0,'',0,1,2,1,1,1,0,64,1,0,0,'',12340);
---
> INSERT INTO `creature_template` VALUES (29356,0,0,0,0,0,'Sludge Belcher (1)','','',0,82,82,2,21,0,1,1.14286,1,1,20,1,0,13,2500,2000,1,1,1,64,2048,8,0,6,72,100005,0,0,0,0,17046,17046,'',0,1,25,1,1,2.5,0,144,1,-405,0,'',12340);
> INSERT INTO `creature_template` VALUES (29357,0,0,0,0,0,'Bile Sludge (1)','','',0,82,82,2,14,0,0.4,1.14286,1,1,20,0,0,1,2000,2000,1,1,1,64,2048,0,0,10,64,0,0,0,0,0,0,0,'',0,1,2,1,1,1,0,64,1,-416,0,'',12340);
22982c22982
< INSERT INTO `creature_template` VALUES (29359,0,0,0,0,0,'Living Monstrosity (1)','','',0,82,82,2,21,0,0.8,1.14286,1,1,20,1,0,13,2000,2000,1,1,1,64,2048,8,0,6,72,100005,0,0,0,0,4030,5272,'',0,1,35,2,1,2.5,0,144,1,-93,0,'',12340);
---
> INSERT INTO `creature_template` VALUES (29359,0,0,0,0,0,'Living Monstrosity (1)','','',0,82,82,2,21,0,0.8,1.14286,1,1,20,1,0,13,2000,2000,1,1,1,64,2048,8,0,6,72,100005,0,0,0,0,4030,5272,'',0,1,35,2,1,2.5,0,144,1,-403,0,'',12340);
22985,22986c22985,22986
< INSERT INTO `creature_template` VALUES (29362,0,0,0,0,0,'Mad Scientist (1)','','',0,81,81,2,21,0,1,1.14286,1,1,20,1,0,13,2000,2000,1,1,2,64,2048,8,0,6,72,100005,0,0,0,0,4452,5822,'',0,1,15,2,1,2.5,0,144,1,-93,0,'',12340);
< INSERT INTO `creature_template` VALUES (29363,0,0,0,0,0,'Surgical Assistant (1)','','',0,80,80,2,21,0,1,1.14286,1,1,20,1,0,13,2000,2000,1,1,2,64,2048,8,0,6,72,100005,0,0,0,0,3684,4820,'',0,1,7,5,1,2.5,0,144,1,-93,0,'',12340);
---
> INSERT INTO `creature_template` VALUES (29362,0,0,0,0,0,'Mad Scientist (1)','','',0,81,81,2,21,0,1,1.14286,1,1,20,1,0,13,2000,2000,1,1,2,64,2048,8,0,6,72,100005,0,0,0,0,4452,5822,'',0,1,15,2,1,2.5,0,144,1,-392,0,'',12340);
> INSERT INTO `creature_template` VALUES (29363,0,0,0,0,0,'Surgical Assistant (1)','','',0,80,80,2,21,0,1,1.14286,1,1,20,1,0,13,2000,2000,1,1,2,64,2048,8,0,6,72,100005,0,0,0,0,3684,4820,'',0,1,7,5,1,2.5,0,144,1,-389,0,'',12340);
23011c23011
< INSERT INTO `creature_template` VALUES (29388,0,0,0,0,0,'Fallout Slime (1)','','',0,80,80,2,14,0,1.5,1.14286,1,1,20,1,0,13,2000,2000,1,1,1,64,2048,8,0,10,0,0,0,0,0,0,0,0,'',0,1,15,2,1,1,0,0,1,-93,0,'',12340);
---
> INSERT INTO `creature_template` VALUES (29388,0,0,0,0,0,'Fallout Slime (1)','','',0,80,80,2,14,0,1.5,1.14286,1,1,20,1,0,13,2000,2000,1,1,1,64,2048,8,0,10,0,0,0,0,0,0,0,0,'',0,1,15,2,1,1,0,0,1,-395,0,'',12340);
23185,23187c23185,23187
< INSERT INTO `creature_template` VALUES (29574,0,0,0,0,0,'Infectious Ghoul (1)','','',0,81,81,2,21,0,0.8,1.14286,1,1,20,1,0,13,1500,2000,1,1,1,64,2048,8,0,6,72,100005,0,0,0,0,0,0,'',0,1,30,1,1,2.5,0,144,1,-93,0,'',12340);
< INSERT INTO `creature_template` VALUES (29575,0,0,0,0,0,'Plague Slime (1)','','',0,81,81,2,14,0,0.8,1.14286,1,1,20,1,0,13,1800,2000,1,1,1,64,2048,8,0,10,72,100005,0,0,0,0,12102,15812,'',0,1,40,1,1,2.5,0,70,1,0,0,'',12340);
< INSERT INTO `creature_template` VALUES (29576,0,0,0,0,0,'Stoneskin Gargoyle (1)','','',0,81,81,2,233,0,2,1.14286,1,1,20,1,0,13,2000,2000,1,1,1,64,2048,8,0,6,72,100005,0,0,0,0,22302,29132,'',0,1,75,10,1,2.5,0,135,1,-93,0,'',12340);
---
> INSERT INTO `creature_template` VALUES (29574,0,0,0,0,0,'Infectious Ghoul (1)','','',0,81,81,2,21,0,0.8,1.14286,1,1,20,1,0,13,1500,2000,1,1,1,64,2048,8,0,6,72,100005,0,0,0,0,0,0,'',0,1,30,1,1,2.5,0,144,1,-387,0,'',12340);
> INSERT INTO `creature_template` VALUES (29575,0,0,0,0,0,'Plague Slime (1)','','',0,81,81,2,14,0,0.8,1.14286,1,1,20,1,0,13,1800,2000,1,1,1,64,2048,8,0,10,72,100005,0,0,0,0,12102,15812,'',0,1,40,1,1,2.5,0,70,1,-417,0,'',12340);
> INSERT INTO `creature_template` VALUES (29576,0,0,0,0,0,'Stoneskin Gargoyle (1)','','',0,81,81,2,233,0,2,1.14286,1,1,20,1,0,13,2000,2000,1,1,1,64,2048,8,0,6,72,100005,0,0,0,0,22302,29132,'',0,1,75,10,1,2.5,0,135,1,-420,0,'',12340);
23211c23211
< INSERT INTO `creature_template` VALUES (29601,0,0,0,0,0,'Mutated Grub (1)','','',0,81,81,2,16,0,1,1.42857,1,1,20,1,0,13,2000,2000,1,1,1,64,2048,8,0,10,72,100005,0,0,0,0,0,0,'',0,1,8,1,1,2.5,0,144,1,0,0,'',12340);
---
> INSERT INTO `creature_template` VALUES (29601,0,0,0,0,0,'Mutated Grub (1)','','',0,81,81,2,16,0,1,1.42857,1,1,20,1,0,13,2000,2000,1,1,1,64,2048,8,0,10,72,100005,0,0,0,0,0,0,'',0,1,8,1,1,2.5,0,144,1,-398,0,'',12340);
23213c23213
< INSERT INTO `creature_template` VALUES (29603,0,0,0,0,0,'Plagued Bat (1)','','',0,80,80,2,16,0,1,1.42857,1,1,20,1,0,13,2000,2000,1,1,1,64,2048,8,0,1,72,100005,0,0,0,0,0,0,'',0,1,3,1,1,2.5,0,144,1,0,0,'',12340);
---
> INSERT INTO `creature_template` VALUES (29603,0,0,0,0,0,'Plagued Bat (1)','','',0,80,80,2,16,0,1,1.42857,1,1,20,1,0,13,2000,2000,1,1,1,64,2048,8,0,1,72,100005,0,0,0,0,0,0,'',0,1,3,1,1,2.5,0,144,1,-399,0,'',12340);
23217,23218c23217,23218
< INSERT INTO `creature_template` VALUES (29608,0,0,0,0,0,'Frenzied Bat (1)','','',0,80,80,2,16,0,1,1.42857,1,1,20,1,0,13,1500,2000,1,1,1,64,2048,8,0,1,72,100005,0,0,0,0,0,0,'',0,1,3,1,1,2.5,0,144,1,0,0,'',12340);
< INSERT INTO `creature_template` VALUES (29609,0,0,0,0,0,'Plague Beast (1)','','',0,81,81,2,16,0,1,1.14286,1,1,20,1,0,13,2000,2000,1,1,1,64,2048,8,0,6,72,100005,0,0,0,0,0,0,'',0,1,15,1,1,2.5,0,144,1,-93,0,'',12340);
---
> INSERT INTO `creature_template` VALUES (29608,0,0,0,0,0,'Frenzied Bat (1)','','',0,80,80,2,16,0,1,1.42857,1,1,20,1,0,13,1500,2000,1,1,1,64,2048,8,0,1,72,100005,0,0,0,0,0,0,'',0,1,3,1,1,2.5,0,144,1,-398,0,'',12340);
> INSERT INTO `creature_template` VALUES (29609,0,0,0,0,0,'Plague Beast (1)','','',0,81,81,2,16,0,1,1.14286,1,1,20,1,0,13,2000,2000,1,1,1,64,2048,8,0,6,72,100005,0,0,0,0,0,0,'',0,1,15,1,1,2.5,0,144,1,-401,0,'',12340);
23221,23222c23221,23222
< INSERT INTO `creature_template` VALUES (29612,0,0,0,0,0,'Diseased Maggot (1)','','',0,80,80,2,16,0,0.8,1.14286,1,1,20,1,0,13,2000,2000,1,1,1,0,2048,8,0,1,72,0,0,0,0,0,0,0,'',0,1,3,1,1,2.5,0,82,1,0,0,'',12340);
< INSERT INTO `creature_template` VALUES (29613,0,0,0,0,0,'Eye Stalk (1)','','',0,81,81,2,16,0,1,1.14286,1,1,20,1,0,13,1000,2000,1,1,1,4,2048,8,0,10,72,0,0,0,0,0,0,0,'',0,1,2,1,1,2.5,0,0,1,0,0,'',12340);
---
> INSERT INTO `creature_template` VALUES (29612,0,0,0,0,0,'Diseased Maggot (1)','','',0,80,80,2,16,0,0.8,1.14286,1,1,20,1,0,13,2000,2000,1,1,1,0,2048,8,0,1,72,0,0,0,0,0,0,0,'',0,1,3,1,1,2.5,0,82,1,-398,0,'',12340);
> INSERT INTO `creature_template` VALUES (29613,0,0,0,0,0,'Eye Stalk (1)','','',0,81,81,2,16,0,1,1.14286,1,1,20,1,0,13,1000,2000,1,1,1,4,2048,8,0,10,72,0,0,0,0,0,0,0,'',0,1,2,1,1,2.5,0,0,1,-398,0,'',12340);
23241,23244c23241,23244
< INSERT INTO `creature_template` VALUES (29632,0,0,0,0,0,'Plagued Warrior (1)','','',0,81,81,2,21,0,1,1.42857,1,1,20,1,0,13,2000,2000,1,1,1,64,2048,8,0,6,72,0,0,0,0,0,0,0,'',0,1,10,1,1,1,0,144,1,-93,0,'',12340);
< INSERT INTO `creature_template` VALUES (29633,0,0,0,0,0,'Plagued Champion (1)','','',0,81,81,2,21,0,1,1.42857,1,1,20,1,0,13,2000,2000,1,1,1,64,2048,8,0,6,72,0,0,0,0,0,0,0,'',0,1,10,1,1,1,0,144,1,-93,0,'',12340);
< INSERT INTO `creature_template` VALUES (29634,0,0,0,0,0,'Plagued Guardian (1)','','',0,81,81,2,21,0,1,1.14286,1,1,20,1,0,13,2000,2000,1,1,8,0,2048,8,0,6,72,0,0,0,0,0,0,0,'',0,1,8,18,1,1,0,144,1,-93,0,'',12340);
< INSERT INTO `creature_template` VALUES (29635,0,0,0,0,0,'Plagued Construct (1)','','',0,81,81,2,233,0,1,1.14286,1,1,20,1,0,13,2000,2000,1,1,1,0,2048,0,0,6,8,0,0,0,0,0,0,0,'',0,1,6,3,1,1,0,144,1,-93,0,'',12340);
---
> INSERT INTO `creature_template` VALUES (29632,0,0,0,0,0,'Plagued Warrior (1)','','',0,81,81,2,21,0,1,1.42857,1,1,20,1,0,13,2000,2000,1,1,1,64,2048,8,0,6,72,0,0,0,0,0,0,0,'',0,1,10,1,1,1,0,144,1,-397,0,'',12340);
> INSERT INTO `creature_template` VALUES (29633,0,0,0,0,0,'Plagued Champion (1)','','',0,81,81,2,21,0,1,1.42857,1,1,20,1,0,13,2000,2000,1,1,1,64,2048,8,0,6,72,0,0,0,0,0,0,0,'',0,1,10,1,1,1,0,144,1,-387,0,'',12340);
> INSERT INTO `creature_template` VALUES (29634,0,0,0,0,0,'Plagued Guardian (1)','','',0,81,81,2,21,0,1,1.14286,1,1,20,1,0,13,2000,2000,1,1,8,0,2048,8,0,6,72,0,0,0,0,0,0,0,'',0,1,8,18,1,1,0,144,1,-389,0,'',12340);
> INSERT INTO `creature_template` VALUES (29635,0,0,0,0,0,'Plagued Construct (1)','','',0,81,81,2,233,0,1,1.14286,1,1,20,1,0,13,2000,2000,1,1,1,0,2048,0,0,6,8,0,0,0,0,0,0,0,'',0,1,6,3,1,1,0,144,1,-397,0,'',12340);
23415c23415
< INSERT INTO `creature_template` VALUES (29825,0,0,0,0,0,'Shade of Naxxramas (1)','','',0,81,81,2,21,0,1,1.14286,1,1,20,1,0,13,2000,2000,1,1,1,64,2048,8,0,6,72,100005,0,0,0,0,4962,6488,'',0,1,18,10,1,2.5,0,144,1,-93,0,'',12340);
---
> INSERT INTO `creature_template` VALUES (29825,0,0,0,0,0,'Shade of Naxxramas (1)','','',0,81,81,2,21,0,1,1.14286,1,1,20,1,0,13,2000,2000,1,1,1,64,2048,8,0,6,72,100005,0,0,0,0,4962,6488,'',0,1,18,10,1,2.5,0,144,1,-390,0,'',12340);
23418c23418
< INSERT INTO `creature_template` VALUES (29828,0,0,0,0,0,'Necro Knight (1)','','',0,81,81,2,21,0,1,1.14286,1,1,20,1,0,13,2000,2000,1,1,8,64,2048,8,0,6,72,100005,0,0,0,0,3602,4712,'',0,1,18,18,1,2.5,0,144,1,-93,0,'',12340);
---
> INSERT INTO `creature_template` VALUES (29828,0,0,0,0,0,'Necro Knight (1)','','',0,81,81,2,21,0,1,1.14286,1,1,20,1,0,13,2000,2000,1,1,8,64,2048,8,0,6,72,100005,0,0,0,0,3602,4712,'',0,1,18,18,1,2.5,0,144,1,-403,0,'',12340);
23423c23423
< INSERT INTO `creature_template` VALUES (29833,0,0,0,0,0,'Dark Touched Warrior (1)','','',0,81,81,2,21,0,1.28,1.14286,1,1,20,1,0,13,2000,2000,1,1,1,32832,2048,8,0,7,8,0,0,0,0,0,0,0,'',0,1,12,1,1,2.5,0,148,1,-93,0,'',12340);
---
> INSERT INTO `creature_template` VALUES (29833,0,0,0,0,0,'Dark Touched Warrior (1)','','',0,81,81,2,21,0,1.28,1.14286,1,1,20,1,0,13,2000,2000,1,1,1,32832,2048,8,0,7,8,0,0,0,0,0,0,0,'',0,1,12,1,1,2.5,0,148,1,-385,0,'',12340);
23425c23425
< INSERT INTO `creature_template` VALUES (29835,0,0,0,0,0,'Bony Construct (1)','','',0,81,81,2,233,0,1,1.14286,1,1,20,1,0,13,2000,2000,1,1,1,64,2048,8,0,6,72,100005,0,0,0,0,3346,4380,'',0,1,12,3,1,2.5,0,144,1,-93,0,'',12340);
---
> INSERT INTO `creature_template` VALUES (29835,0,0,0,0,0,'Bony Construct (1)','','',0,81,81,2,233,0,1,1.14286,1,1,20,1,0,13,2000,2000,1,1,1,64,2048,8,0,6,72,100005,0,0,0,0,3346,4380,'',0,1,12,3,1,2.5,0,144,1,-391,0,'',12340);
23427c23427
< INSERT INTO `creature_template` VALUES (29837,0,0,0,0,0,'Skeletal Smith (1)','','',0,81,81,2,21,0,1.28,1.14286,1,1,20,1,0,13,2000,2000,1,1,1,64,2048,8,0,6,72,100005,0,0,0,0,4452,5822,'',0,1,12,1,1,2.5,0,148,1,-93,0,'',12340);
---
> INSERT INTO `creature_template` VALUES (29837,0,0,0,0,0,'Skeletal Smith (1)','','',0,81,81,2,21,0,1.28,1.14286,1,1,20,1,0,13,2000,2000,1,1,1,64,2048,8,0,6,72,100005,0,0,0,0,4452,5822,'',0,1,12,1,1,2.5,0,148,1,-303,0,'',12340);
23487,23489c23487,23489
< INSERT INTO `creature_template` VALUES (29898,0,0,0,0,0,'Unholy Axe (1)','','',0,81,81,2,21,0,1,1.14286,1,1,20,1,0,13,2000,2000,1,1,1,64,2048,8,0,6,72,100005,0,0,0,0,9552,12482,'',0,1,35,1,1,2.5,0,164,1,-93,0,'',12340);
< INSERT INTO `creature_template` VALUES (29899,0,0,0,0,0,'Unholy Staff (1)','','',0,81,81,2,21,0,1,1.14286,1,1,20,1,0,13,2000,2000,1,1,1,64,2048,8,0,6,72,100005,0,0,0,0,7766,10152,'',0,1,30,1,1,2.5,0,164,1,-93,0,'',12340);
< INSERT INTO `creature_template` VALUES (29900,0,0,0,0,0,'Unholy Swords (1)','','',0,81,81,2,21,0,1,1.14286,1,1,20,1,0,13,1500,2000,1,1,1,64,2048,8,0,6,72,100005,0,0,0,0,8276,10818,'',0,1,30,1,1,2.5,0,164,1,-93,0,'',12340);
---
> INSERT INTO `creature_template` VALUES (29898,0,0,0,0,0,'Unholy Axe (1)','','',0,81,81,2,21,0,1,1.14286,1,1,20,1,0,13,2000,2000,1,1,1,64,2048,8,0,6,72,100005,0,0,0,0,9552,12482,'',0,1,35,1,1,2.5,0,164,1,-404,0,'',12340);
> INSERT INTO `creature_template` VALUES (29899,0,0,0,0,0,'Unholy Staff (1)','','',0,81,81,2,21,0,1,1.14286,1,1,20,1,0,13,2000,2000,1,1,1,64,2048,8,0,6,72,100005,0,0,0,0,7766,10152,'',0,1,30,1,1,2.5,0,164,1,-404,0,'',12340);
> INSERT INTO `creature_template` VALUES (29900,0,0,0,0,0,'Unholy Swords (1)','','',0,81,81,2,21,0,1,1.14286,1,1,20,1,0,13,1500,2000,1,1,1,64,2048,8,0,6,72,100005,0,0,0,0,8276,10818,'',0,1,30,1,1,2.5,0,164,1,-404,0,'',12340);
23529c23529
< INSERT INTO `creature_template` VALUES (29940,0,0,0,0,0,'Instructor Razuvious (1)','','',0,83,83,2,21,0,1.6,1.14286,1,1,20,3,0,70,3500,2000,1,1,1,32832,2048,8,0,6,76,29940,0,0,0,0,2507204,3064362,'',0,1,725,2,1,2.5,0,167,1,-286,1,'',12340);
---
> INSERT INTO `creature_template` VALUES (29940,0,0,0,0,0,'Instructor Razuvious (1)','','',0,83,83,2,21,0,1.6,1.14286,1,1,20,3,0,70,3500,2000,1,1,1,32832,2048,8,0,6,76,29940,0,0,0,0,2507204,3064362,'',0,1,725,2,1,2.5,0,167,1,-410,1,'',12340);
23542c23542
< INSERT INTO `creature_template` VALUES (29955,0,0,0,0,0,'Gothik the Harvester (1)','','',0,83,83,2,14,0,1,1.14286,1,1,20,3,0,70,2000,2000,1,1,2,32832,2048,8,0,6,76,29955,0,0,0,0,1467702,1793858,'',0,1,180,100,1,2.5,0,0,1,-286,524289,'',12340);
---
> INSERT INTO `creature_template` VALUES (29955,0,0,0,0,0,'Gothik the Harvester (1)','','',0,83,83,2,14,0,1,1.14286,1,1,20,3,0,70,2000,2000,1,1,2,32832,2048,8,0,6,76,29955,0,0,0,0,1467702,1793858,'',0,1,180,100,1,2.5,0,0,1,-410,524289,'',12340);
23570,23573c23570,23573
< INSERT INTO `creature_template` VALUES (29986,0,0,0,0,0,'Unrelenting Rider (1)','','',0,82,82,2,21,0,1,1.14286,1,1,20,1,0,13,2000,2000,1,1,2,32832,2048,8,0,6,2120,0,0,0,0,0,0,0,'',0,1,10,5,1,1,0,164,1,-93,65536,'',12340);
< INSERT INTO `creature_template` VALUES (29987,0,0,0,0,0,'Unrelenting Trainee (1)','','',0,80,80,2,21,0,1,1.14286,1,1,20,0,0,1,2000,2000,1,1,1,32768,2048,8,0,7,72,0,0,0,0,0,0,0,'',0,1,2,1,1,1,0,144,1,-93,65536,'',12340);
< INSERT INTO `creature_template` VALUES (29988,0,0,0,0,0,'Spectral Rider (1)','','',0,81,81,2,21,0,1,1.14286,1,1,20,1,0,13,2000,2000,1,1,1,32832,2048,8,0,6,72,0,0,0,0,0,0,0,'',0,1,10,2,1,1,0,164,1,-93,65536,'',12340);
< INSERT INTO `creature_template` VALUES (29989,0,0,0,0,0,'Spectral Horse (1)','','',0,81,81,2,21,0,1.6,1.14286,1,1,20,1,0,13,2000,2000,1,1,1,64,2048,8,0,6,8,0,0,0,0,0,0,0,'',0,1,3,1,1,1,0,141,1,-93,0,'',12340);
---
> INSERT INTO `creature_template` VALUES (29986,0,0,0,0,0,'Unrelenting Rider (1)','','',0,82,82,2,21,0,1,1.14286,1,1,20,1,0,13,2000,2000,1,1,2,32832,2048,8,0,6,2120,0,0,0,0,0,0,0,'',0,1,10,5,1,1,0,164,1,-412,65536,'',12340);
> INSERT INTO `creature_template` VALUES (29987,0,0,0,0,0,'Unrelenting Trainee (1)','','',0,80,80,2,21,0,1,1.14286,1,1,20,0,0,1,2000,2000,1,1,1,32768,2048,8,0,7,72,0,0,0,0,0,0,0,'',0,1,2,1,1,1,0,144,1,-383,65536,'',12340);
> INSERT INTO `creature_template` VALUES (29988,0,0,0,0,0,'Spectral Rider (1)','','',0,81,81,2,21,0,1,1.14286,1,1,20,1,0,13,2000,2000,1,1,1,32832,2048,8,0,6,72,0,0,0,0,0,0,0,'',0,1,10,2,1,1,0,164,1,-388,65536,'',12340);
> INSERT INTO `creature_template` VALUES (29989,0,0,0,0,0,'Spectral Horse (1)','','',0,81,81,2,21,0,1.6,1.14286,1,1,20,1,0,13,2000,2000,1,1,1,64,2048,8,0,6,8,0,0,0,0,0,0,0,'',0,1,3,1,1,1,0,141,1,-384,0,'',12340);
23599c23599
< INSERT INTO `creature_template` VALUES (30015,0,0,0,0,0,'Soldier of the Frozen Wastes (1)','','',0,80,80,2,21,0,0.2,0.3,1,1,20,1,0,13,2000,2000,1,1,1,0,2048,8,0,6,72,0,0,0,0,0,0,0,'',0,1,0.349206,1,1,1,0,64,1,-93,0,'',12340);
---
> INSERT INTO `creature_template` VALUES (30015,0,0,0,0,0,'Soldier of the Frozen Wastes (1)','','',0,80,80,2,21,0,0.2,0.3,1,1,20,1,0,13,2000,2000,1,1,1,0,2048,8,0,6,72,0,0,0,0,0,0,0,'',0,1,0.349206,1,1,1,0,64,1,-387,0,'',12340);
23602c23602
< INSERT INTO `creature_template` VALUES (30018,0,0,0,0,0,'Soul Weaver (1)','','',0,80,80,2,21,0,0.1,0.2,1,1,20,1,0,13,2000,2000,1,1,1,0,2048,8,0,6,72,0,0,0,0,0,0,0,'',0,1,12,1,1,1,0,64,1,-93,0,'',12340);
---
> INSERT INTO `creature_template` VALUES (30018,0,0,0,0,0,'Soul Weaver (1)','','',0,80,80,2,21,0,0.1,0.2,1,1,20,1,0,13,2000,2000,1,1,1,0,2048,8,0,6,72,0,0,0,0,0,0,0,'',0,1,12,1,1,1,0,64,1,-402,0,'',12340);
23632c23632
< INSERT INTO `creature_template` VALUES (30048,0,0,0,0,0,'Unstoppable Abomination (1)','','',0,80,80,2,21,0,0.7,0.800002,1,1,20,1,0,13,2000,2000,1,1,1,0,2048,8,0,6,72,0,0,0,0,0,0,0,'',0,1,16.5,1,1,1,0,64,1,-93,0,'',12340);
---
> INSERT INTO `creature_template` VALUES (30048,0,0,0,0,0,'Unstoppable Abomination (1)','','',0,80,80,2,21,0,0.7,0.800002,1,1,20,1,0,13,2000,2000,1,1,1,0,2048,8,0,6,72,0,0,0,0,0,0,0,'',0,1,16.5,1,1,1,0,64,1,-402,0,'',12340);
23641c23641
< INSERT INTO `creature_template` VALUES (30057,0,0,0,0,0,'Guardian of Icecrown (1)','','',0,80,80,2,21,0,1.25,1.42858,1,1,20,1,0,13,1250,2000,1,1,1,0,2048,8,0,6,72,0,0,0,0,0,0,0,'',0,1,500,1,1,1,0,174,1,-285,0,'',12340);
---
> INSERT INTO `creature_template` VALUES (30057,0,0,0,0,0,'Guardian of Icecrown (1)','','',0,80,80,2,21,0,1.25,1.42858,1,1,20,1,0,13,1250,2000,1,1,1,0,2048,8,0,6,72,0,0,0,0,0,0,0,'',0,1,500,1,1,1,0,174,1,-411,0,'',12340);
23680c23680
< INSERT INTO `creature_template` VALUES (30097,0,0,0,0,0,'Plagued Ghoul (1)','','',0,81,81,2,21,0,0.8,1.42857,1,1,20,1,0,13,1500,2000,1,1,1,32832,2048,8,0,6,72,100005,0,0,0,0,8022,10484,'',0,1,20,1,1,2.5,0,144,1,-93,0,'',12340);
---
> INSERT INTO `creature_template` VALUES (30097,0,0,0,0,0,'Plagued Ghoul (1)','','',0,81,81,2,21,0,0.8,1.42857,1,1,20,1,0,13,1500,2000,1,1,1,32832,2048,8,0,6,72,100005,0,0,0,0,8022,10484,'',0,1,20,1,1,2.5,0,144,1,-396,0,'',12340);
23837c23837
< INSERT INTO `creature_template` VALUES (30264,0,0,0,0,0,'Spectral Trainee (1)','','',0,81,81,2,21,0,1.11111,1.14286,1,1,20,1,0,13,2000,2000,1,1,2,32768,2048,8,0,6,72,0,0,0,0,0,0,0,'',0,1,2,3,1,1,0,144,1,-93,65536,'',12340);
---
> INSERT INTO `creature_template` VALUES (30264,0,0,0,0,0,'Spectral Trainee (1)','','',0,81,81,2,21,0,1.11111,1.14286,1,1,20,1,0,13,2000,2000,1,1,2,32768,2048,8,0,6,72,0,0,0,0,0,0,0,'',0,1,2,3,1,1,0,144,1,-382,65536,'',12340);
23875c23875
< INSERT INTO `creature_template` VALUES (30303,0,0,0,0,0,'Zombie Chow (1)','','',0,80,80,2,89,0,1,1.14286,1,1,20,1,0,13,2000,2000,1,1,1,1,2048,8,0,6,72,0,0,0,0,0,0,0,'',0,1,80,3,1,1,0,0,1,-93,0,'',12340);
---
> INSERT INTO `creature_template` VALUES (30303,0,0,0,0,0,'Zombie Chow (1)','','',0,80,80,2,89,0,1,1.14286,1,1,20,1,0,13,2000,2000,1,1,1,1,2048,8,0,6,72,0,0,0,0,0,0,0,'',0,1,80,3,1,1,0,0,1,-387,0,'',12340);
23957c23957
< INSERT INTO `creature_template` VALUES (30389,0,0,0,0,0,'Crypt Reaver (1)','','',0,81,81,2,312,0,1,1.14286,1,1,20,1,0,13,1200,2000,1,1,1,64,2048,8,0,6,72,100006,0,0,0,0,0,0,'',0,1,45,1,1,2.5,0,144,1,-93,0,'',12340);
---
> INSERT INTO `creature_template` VALUES (30389,0,0,0,0,0,'Crypt Reaver (1)','','',0,81,81,2,312,0,1,1.14286,1,1,20,1,0,13,1200,2000,1,1,1,64,2048,8,0,6,72,100006,0,0,0,0,0,0,'',0,1,45,1,1,2.5,0,144,1,-416,0,'',12340);
24168,24170c24168,24170
< INSERT INTO `creature_template` VALUES (30601,0,0,0,0,0,'Lady Blaumeux (1)','','',0,83,83,2,21,0,1,1.14286,1,1,20,3,0,70,2000,2000,1,1,1,64,2048,8,0,6,76,0,0,0,0,0,0,0,'',0,1,170,2,1,2.5,0,164,1,-286,1,'',12340);
< INSERT INTO `creature_template` VALUES (30602,0,0,0,0,0,'Sir Zeliek (1)','','',0,83,83,2,21,0,1,1.14286,1,1,20,3,0,70,2000,2000,1,1,1,64,2048,8,0,6,76,0,0,0,0,0,0,0,'',0,1,170,2,1,2.5,0,164,1,-286,1,'',12340);
< INSERT INTO `creature_template` VALUES (30603,0,0,0,0,0,'Thane Korth\'azz (1)','','',0,83,83,2,21,0,1,1.14286,1,1,20,3,0,70,2000,2000,1,1,1,64,2048,8,0,6,76,0,0,0,0,0,99110,129436,'',0,1,170,2,1,2.5,0,164,1,-286,1,'',12340);
---
> INSERT INTO `creature_template` VALUES (30601,0,0,0,0,0,'Lady Blaumeux (1)','','',0,83,83,2,21,0,1,1.14286,1,1,20,3,0,70,2000,2000,1,1,1,64,2048,8,0,6,76,0,0,0,0,0,0,0,'',0,1,170,2,1,2.5,0,164,1,-410,1,'',12340);
> INSERT INTO `creature_template` VALUES (30602,0,0,0,0,0,'Sir Zeliek (1)','','',0,83,83,2,21,0,1,1.14286,1,1,20,3,0,70,2000,2000,1,1,1,64,2048,8,0,6,76,0,0,0,0,0,0,0,'',0,1,170,2,1,2.5,0,164,1,-410,1,'',12340);
> INSERT INTO `creature_template` VALUES (30603,0,0,0,0,0,'Thane Korth\'azz (1)','','',0,83,83,2,21,0,1,1.14286,1,1,20,3,0,70,2000,2000,1,1,1,64,2048,8,0,6,76,0,0,0,0,0,99110,129436,'',0,1,170,2,1,2.5,0,164,1,-410,1,'',12340);
25080c25080
< INSERT INTO `creature_template` VALUES (31542,0,0,0,0,0,'Rotting Maggot (1)','','',0,80,80,2,16,0,0.8,1.14286,1,1,20,1,0,13,2500,2000,1,1,1,0,2048,8,0,1,8,0,0,0,0,0,0,0,'',0,1,3,1,1,2.5,0,82,1,0,0,'',12340);
---
> INSERT INTO `creature_template` VALUES (31542,0,0,0,0,0,'Rotting Maggot (1)','','',0,80,80,2,16,0,0.8,1.14286,1,1,20,1,0,13,2500,2000,1,1,1,0,2048,8,0,1,8,0,0,0,0,0,0,0,'',0,1,3,1,1,2.5,0,82,1,-398,0,'',12340);
25356,25359c25356,25359
< INSERT INTO `creature_template` VALUES (31823,0,0,0,0,0,'Wing Commander Vipore (2)','','',5147,79,79,0,1217,3,1.76,1.14286,1,1,20,1,0,7.5,2000,2000,1,1,1,4928,2048,0,0,7,0,0,0,0,0,0,0,0,'',1,1,12.5,1,1,1,0,0,1,0,2,'',12340);
< INSERT INTO `creature_template` VALUES (31824,0,0,0,0,0,'Wing Commander Slidore (2)','','',0,78,78,0,1217,2,1.77,1.14286,1,1,20,1,0,7.5,2000,2000,1,1,1,4160,2048,0,0,7,0,13438,0,0,0,0,0,0,'',1,1,12.5,1,1,1,0,0,1,0,2,'',12340);
< INSERT INTO `creature_template` VALUES (31825,0,0,0,0,0,'Wing Commander Mulverick (2)','','',0,80,80,0,1215,2,1.76,1.14286,1,1,20,1,0,7.5,2000,2000,1,1,1,4928,2048,0,0,7,0,0,0,0,0,0,0,0,'',1,1,15,1,1,1,0,0,1,0,2,'',12340);
< INSERT INTO `creature_template` VALUES (31826,0,0,0,0,0,'Wing Commander Jeztor (2)','','',0,78,78,0,1215,2,1.75,1.14286,1,1,20,1,0,7.5,2000,2000,1,1,1,4160,2048,0,0,7,0,0,0,0,0,0,0,0,'',1,1,15,1,1,1,0,0,1,0,2,'',12340);
---
> INSERT INTO `creature_template` VALUES (31823,0,0,0,0,0,'Wing Commander Vipore (2)','','',5147,79,79,0,1217,3,1.76,1.14286,1,1,20,1,0,7.5,2000,2000,1,1,1,4928,2048,0,0,7,0,0,0,0,0,0,0,0,'',1,1,12.5,1,1,1,0,0,1,-386,2,'',12340);
> INSERT INTO `creature_template` VALUES (31824,0,0,0,0,0,'Wing Commander Slidore (2)','','',0,78,78,0,1217,2,1.77,1.14286,1,1,20,1,0,7.5,2000,2000,1,1,1,4160,2048,0,0,7,0,13438,0,0,0,0,0,0,'',1,1,12.5,1,1,1,0,0,1,-386,2,'',12340);
> INSERT INTO `creature_template` VALUES (31825,0,0,0,0,0,'Wing Commander Mulverick (2)','','',0,80,80,0,1215,2,1.76,1.14286,1,1,20,1,0,7.5,2000,2000,1,1,1,4928,2048,0,0,7,0,0,0,0,0,0,0,0,'',1,1,15,1,1,1,0,0,1,-386,2,'',12340);
> INSERT INTO `creature_template` VALUES (31826,0,0,0,0,0,'Wing Commander Jeztor (2)','','',0,78,78,0,1215,2,1.75,1.14286,1,1,20,1,0,7.5,2000,2000,1,1,1,4160,2048,0,0,7,0,0,0,0,0,0,0,0,'',1,1,15,1,1,1,0,0,1,-386,2,'',12340);
25361,25362c25361,25362
< INSERT INTO `creature_template` VALUES (31828,0,0,0,0,0,'Wing Commander Guse (2)','','',0,79,79,0,1215,2,1.77,1.14286,1,1,20,1,0,7.5,2000,2000,1,1,1,4928,2048,0,0,7,0,13179,13179,0,0,0,0,0,'',1,1,12.5,1,1,1,0,0,1,0,2,'',12340);
< INSERT INTO `creature_template` VALUES (31829,0,0,0,0,0,'West Frostwolf Warmaster (2)','','',0,80,80,0,1214,0,1.76,1.14286,1,1,20,1,0,7.5,2000,2000,1,1,1,4096,2048,0,0,7,0,14777,0,0,0,0,0,0,'',1,1,25,1,1,1,0,0,1,0,0,'',12340);
---
> INSERT INTO `creature_template` VALUES (31828,0,0,0,0,0,'Wing Commander Guse (2)','','',0,79,79,0,1215,2,1.77,1.14286,1,1,20,1,0,7.5,2000,2000,1,1,1,4928,2048,0,0,7,0,13179,13179,0,0,0,0,0,'',1,1,12.5,1,1,1,0,0,1,-386,2,'',12340);
> INSERT INTO `creature_template` VALUES (31829,0,0,0,0,0,'West Frostwolf Warmaster (2)','','',0,80,80,0,1214,0,1.76,1.14286,1,1,20,1,0,7.5,2000,2000,1,1,1,4096,2048,0,0,7,0,14777,0,0,0,0,0,0,'',1,1,25,1,1,1,0,0,1,-406,0,'',12340);
25430c25430
< INSERT INTO `creature_template` VALUES (31903,0,0,0,0,0,'West Frostwolf Marshal (2)','','',0,80,80,0,1534,0,1,1.14286,1,1,20,1,0,7.5,2000,2000,1,1,1,0,2048,0,0,7,0,0,0,0,0,0,0,0,'',0,1,25,1,1,1,0,0,1,0,0,'',12340);
---
> INSERT INTO `creature_template` VALUES (31903,0,0,0,0,0,'West Frostwolf Marshal (2)','','',0,80,80,0,1534,0,1,1.14286,1,1,20,1,0,7.5,2000,2000,1,1,1,0,2048,0,0,7,0,0,0,0,0,0,0,0,'',0,1,25,1,1,1,0,0,1,-406,0,'',12340);
25435,25436c25435,25436
< INSERT INTO `creature_template` VALUES (31908,0,0,0,0,0,'Tower Point Marshal (2)','','',0,80,80,0,1534,0,1,1.14286,1,1,20,1,0,7.5,2000,2000,1,1,1,0,2048,0,0,7,0,0,0,0,0,0,0,0,'',0,1,26,1,1,1,0,0,1,0,0,'',12340);
< INSERT INTO `creature_template` VALUES (31909,0,0,0,0,0,'Tower Point Warmaster (2)','','',0,80,80,0,1214,0,1.76,1.14286,1,1,20,1,0,7.5,2000,2000,1,1,1,4096,2048,0,0,7,0,0,0,0,0,0,0,0,'',1,1,26,1,1,1,0,0,1,0,0,'',12340);
---
> INSERT INTO `creature_template` VALUES (31908,0,0,0,0,0,'Tower Point Marshal (2)','','',0,80,80,0,1534,0,1,1.14286,1,1,20,1,0,7.5,2000,2000,1,1,1,0,2048,0,0,7,0,0,0,0,0,0,0,0,'',0,1,26,1,1,1,0,0,1,-406,0,'',12340);
> INSERT INTO `creature_template` VALUES (31909,0,0,0,0,0,'Tower Point Warmaster (2)','','',0,80,80,0,1214,0,1.76,1.14286,1,1,20,1,0,7.5,2000,2000,1,1,1,4096,2048,0,0,7,0,0,0,0,0,0,0,0,'',1,1,26,1,1,1,0,0,1,-406,0,'',12340);
25444c25444
< INSERT INTO `creature_template` VALUES (31918,0,0,0,0,0,'Aggi Rumblestomp (2)','','',0,78,78,0,1216,0,1.75,1.14286,1,1,20,0,0,1,2000,2000,1,1,1,0,2048,0,0,7,0,13086,0,0,0,0,0,0,'',1,1,1.3,1,1,1,0,0,1,0,0,'',12340);
---
> INSERT INTO `creature_template` VALUES (31918,0,0,0,0,0,'Aggi Rumblestomp (2)','','',0,78,78,0,1216,0,1.75,1.14286,1,1,20,0,0,1,2000,2000,1,1,1,0,2048,0,0,7,0,13086,0,0,0,0,0,0,'',1,1,1.3,1,1,1,0,0,1,-386,0,'',12340);
25446c25446
< INSERT INTO `creature_template` VALUES (31920,0,0,0,0,0,'Alliance Spirit Guide (2)','','',0,80,80,0,84,32768,1,1.14286,1,1,20,1,0,7.5,2000,2000,1,1,2,832,2048,0,0,7,2,0,0,0,0,0,0,0,'',0,1,13,2,1,1,0,0,1,0,2,'',12340);
---
> INSERT INTO `creature_template` VALUES (31920,0,0,0,0,0,'Alliance Spirit Guide (2)','','',0,80,80,0,84,32768,1,1.14286,1,1,20,1,0,7.5,2000,2000,1,1,2,832,2048,0,0,7,2,0,0,0,0,0,0,0,'',0,1,13,2,1,1,0,0,1,-421,2,'',12340);
25449c25449
< INSERT INTO `creature_template` VALUES (31923,0,0,0,0,0,'Arch Druid Renferal (2)','','',5142,80,80,0,1216,3,1.76,1.14286,1,1,20,1,0,7.5,2000,2000,1,1,2,4160,2048,0,0,7,0,13442,0,0,0,0,0,0,'',1,1,15.6,12,1,1,0,0,1,0,0,'',12340);
---
> INSERT INTO `creature_template` VALUES (31923,0,0,0,0,0,'Arch Druid Renferal (2)','','',5142,80,80,0,1216,3,1.76,1.14286,1,1,20,1,0,7.5,2000,2000,1,1,2,4160,2048,0,0,7,0,13442,0,0,0,0,0,0,'',1,1,15.6,12,1,1,0,0,1,-386,0,'',12340);
25479,25486c25479,25486
< INSERT INTO `creature_template` VALUES (31953,0,0,0,0,0,'Commander Duffy (2)','','',0,81,81,0,1216,2,1,1.14286,1,1,20,1,0,7.5,2000,2000,1,1,1,0,2048,0,0,7,0,0,0,0,0,0,0,0,'',0,1,13,4,1,1,0,0,1,0,0,'',12340);
< INSERT INTO `creature_template` VALUES (31954,0,0,0,0,0,'Commander Karl Philips (2)','','',0,81,81,1,1216,2,1,1.14286,1,1,20,1,0,7.5,2000,2000,1,1,1,0,2048,0,0,7,0,0,0,0,0,0,0,0,'',0,1,13,4,1,1,0,0,1,0,0,'',12340);
< INSERT INTO `creature_template` VALUES (31955,0,0,0,0,0,'Commander Louis Philips (2)','','',0,81,81,0,1214,2,1,1.14286,1,1,20,1,0,7.5,2000,2000,1,1,1,0,2048,0,0,7,0,0,0,0,0,0,0,0,'',0,1,13,4,1,1,0,0,1,0,0,'',12340);
< INSERT INTO `creature_template` VALUES (31956,0,0,0,0,0,'Commander Malgor (2)','','',0,81,81,0,1214,0,1,1.14286,1,1,20,1,0,7.5,2000,2000,1,1,1,0,2048,0,0,7,0,0,0,0,0,0,0,0,'',0,1,13,4,1,1,0,0,1,0,0,'',12340);
< INSERT INTO `creature_template` VALUES (31957,0,0,0,0,0,'Commander Mortimer (2)','','',0,81,81,0,1216,0,1,1.14286,1,1,20,1,0,7.5,2000,2000,1,1,1,0,2048,0,0,7,0,0,0,0,0,0,0,0,'',0,1,13,4,1,1,0,0,1,0,0,'',12340);
< INSERT INTO `creature_template` VALUES (31958,0,0,0,0,0,'Commander Mulfort (2)','','',0,81,81,0,1214,2,1,1.14286,1,1,20,1,0,7.5,2000,2000,1,1,1,0,2048,0,0,7,0,0,0,0,0,0,0,0,'',0,1,13,4,1,1,0,0,1,0,0,'',12340);
< INSERT INTO `creature_template` VALUES (31959,0,0,0,0,0,'Commander Randolph (2)','','',0,81,81,0,1216,0,1,1.14286,1,1,20,1,0,7.5,2000,2000,1,1,1,0,2048,0,0,7,0,0,0,0,0,0,0,0,'',0,1,13,4,1,1,0,0,1,0,0,'',12340);
< INSERT INTO `creature_template` VALUES (31960,0,0,0,0,0,'Corporal Noreg Stormpike (2)','','',5081,78,79,0,1216,3,1.78,1.14286,1,1,20,1,0,7.5,2000,2000,1,1,1,4160,2048,0,0,7,0,13447,13447,0,0,0,0,0,'',1,1,3.9,1,1,1,0,0,1,0,0,'',12340);
---
> INSERT INTO `creature_template` VALUES (31953,0,0,0,0,0,'Commander Duffy (2)','','',0,81,81,0,1216,2,1,1.14286,1,1,20,1,0,7.5,2000,2000,1,1,1,0,2048,0,0,7,0,0,0,0,0,0,0,0,'',0,1,13,4,1,1,0,0,1,-386,0,'',12340);
> INSERT INTO `creature_template` VALUES (31954,0,0,0,0,0,'Commander Karl Philips (2)','','',0,81,81,1,1216,2,1,1.14286,1,1,20,1,0,7.5,2000,2000,1,1,1,0,2048,0,0,7,0,0,0,0,0,0,0,0,'',0,1,13,4,1,1,0,0,1,-386,0,'',12340);
> INSERT INTO `creature_template` VALUES (31955,0,0,0,0,0,'Commander Louis Philips (2)','','',0,81,81,0,1214,2,1,1.14286,1,1,20,1,0,7.5,2000,2000,1,1,1,0,2048,0,0,7,0,0,0,0,0,0,0,0,'',0,1,13,4,1,1,0,0,1,-386,0,'',12340);
> INSERT INTO `creature_template` VALUES (31956,0,0,0,0,0,'Commander Malgor (2)','','',0,81,81,0,1214,0,1,1.14286,1,1,20,1,0,7.5,2000,2000,1,1,1,0,2048,0,0,7,0,0,0,0,0,0,0,0,'',0,1,13,4,1,1,0,0,1,-386,0,'',12340);
> INSERT INTO `creature_template` VALUES (31957,0,0,0,0,0,'Commander Mortimer (2)','','',0,81,81,0,1216,0,1,1.14286,1,1,20,1,0,7.5,2000,2000,1,1,1,0,2048,0,0,7,0,0,0,0,0,0,0,0,'',0,1,13,4,1,1,0,0,1,-386,0,'',12340);
> INSERT INTO `creature_template` VALUES (31958,0,0,0,0,0,'Commander Mulfort (2)','','',0,81,81,0,1214,2,1,1.14286,1,1,20,1,0,7.5,2000,2000,1,1,1,0,2048,0,0,7,0,0,0,0,0,0,0,0,'',0,1,13,4,1,1,0,0,1,-386,0,'',12340);
> INSERT INTO `creature_template` VALUES (31959,0,0,0,0,0,'Commander Randolph (2)','','',0,81,81,0,1216,0,1,1.14286,1,1,20,1,0,7.5,2000,2000,1,1,1,0,2048,0,0,7,0,0,0,0,0,0,0,0,'',0,1,13,4,1,1,0,0,1,-386,0,'',12340);
> INSERT INTO `creature_template` VALUES (31960,0,0,0,0,0,'Corporal Noreg Stormpike (2)','','',5081,78,79,0,1216,3,1.78,1.14286,1,1,20,1,0,7.5,2000,2000,1,1,1,4160,2048,0,0,7,0,13447,13447,0,0,0,0,0,'',1,1,3.9,1,1,1,0,0,1,-386,0,'',12340);
25492c25492
< INSERT INTO `creature_template` VALUES (31966,0,0,0,0,0,'Dun Baldar North Marshal (2)','','',0,80,80,0,1534,0,1.76,1.14286,1,1,20,1,0,7.5,2000,2000,1,1,1,32768,2048,0,0,7,0,0,0,0,0,0,0,0,'',1,1,26,1,1,1,0,0,1,0,0,'',12340);
---
> INSERT INTO `creature_template` VALUES (31966,0,0,0,0,0,'Dun Baldar North Marshal (2)','','',0,80,80,0,1534,0,1.76,1.14286,1,1,20,1,0,7.5,2000,2000,1,1,1,32768,2048,0,0,7,0,0,0,0,0,0,0,0,'',1,1,26,1,1,1,0,0,1,-406,0,'',12340);
25494,25495c25494,25495
< INSERT INTO `creature_template` VALUES (31968,0,0,0,0,0,'Dun Baldar South Marshal (2)','','',0,80,80,0,1534,0,1.76,1.14286,1,1,20,1,0,7.5,2000,2000,1,1,1,32768,2048,0,0,7,0,14763,0,0,0,0,0,0,'',1,1,26,1,1,1,0,0,1,0,0,'',12340);
< INSERT INTO `creature_template` VALUES (31969,0,0,0,0,0,'Dun Baldar South Warmaster (2)','','',0,80,80,0,1214,0,1,1.14286,1,1,20,1,0,7.5,2000,2000,1,1,1,0,2048,0,0,7,0,0,0,0,0,0,0,0,'',0,1,26,1,1,1,0,0,1,0,0,'',12340);
---
> INSERT INTO `creature_template` VALUES (31968,0,0,0,0,0,'Dun Baldar South Marshal (2)','','',0,80,80,0,1534,0,1.76,1.14286,1,1,20,1,0,7.5,2000,2000,1,1,1,32768,2048,0,0,7,0,14763,0,0,0,0,0,0,'',1,1,26,1,1,1,0,0,1,-406,0,'',12340);
> INSERT INTO `creature_template` VALUES (31969,0,0,0,0,0,'Dun Baldar South Warmaster (2)','','',0,80,80,0,1214,0,1,1.14286,1,1,20,1,0,7.5,2000,2000,1,1,1,0,2048,0,0,7,0,0,0,0,0,0,0,0,'',0,1,26,1,1,1,0,0,1,-406,0,'',12340);
25497,25498c25497,25498
< INSERT INTO `creature_template` VALUES (31971,0,0,0,0,0,'East Frostwolf Marshal (2)','','',0,80,80,0,1534,0,1,1.14286,1,1,20,1,0,7.5,2000,2000,1,1,1,0,2048,0,0,7,0,0,0,0,0,0,0,0,'',0,1,26,1,1,1,0,0,1,0,0,'',12340);
< INSERT INTO `creature_template` VALUES (31972,0,0,0,0,0,'East Frostwolf Warmaster (2)','','',0,80,80,0,1214,0,1.76,1.14286,1,1,20,1,0,7.5,2000,2000,1,1,1,4096,2048,0,0,7,0,14772,0,0,0,0,0,0,'',1,1,26,1,1,1,0,0,1,0,0,'',12340);
---
> INSERT INTO `creature_template` VALUES (31971,0,0,0,0,0,'East Frostwolf Marshal (2)','','',0,80,80,0,1534,0,1,1.14286,1,1,20,1,0,7.5,2000,2000,1,1,1,0,2048,0,0,7,0,0,0,0,0,0,0,0,'',0,1,26,1,1,1,0,0,1,-406,0,'',12340);
> INSERT INTO `creature_template` VALUES (31972,0,0,0,0,0,'East Frostwolf Warmaster (2)','','',0,80,80,0,1214,0,1.76,1.14286,1,1,20,1,0,7.5,2000,2000,1,1,1,4096,2048,0,0,7,0,14772,0,0,0,0,0,0,'',1,1,26,1,1,1,0,0,1,-406,0,'',12340);
25506c25506
< INSERT INTO `creature_template` VALUES (31980,0,0,0,0,0,'Frostwolf Explosives Expert (2)','','',0,59,59,0,1214,2,1,1.14286,1,1,20,1,0,7.5,2000,2000,1,1,1,0,2048,0,0,7,0,0,0,0,0,0,0,0,'',0,1,3.25,1,1,1,0,0,1,0,0,'',12340);
---
> INSERT INTO `creature_template` VALUES (31980,0,0,0,0,0,'Frostwolf Explosives Expert (2)','','',0,59,59,0,1214,2,1,1.14286,1,1,20,1,0,7.5,2000,2000,1,1,1,0,2048,0,0,7,0,0,0,0,0,0,0,0,'',0,1,3.25,1,1,1,0,0,1,-386,0,'',12340);
25510c25510
< INSERT INTO `creature_template` VALUES (31984,0,0,0,0,0,'Frostwolf Mine Layer (2)','','',0,61,61,0,1214,0,1,1.14286,1,1,20,1,0,7.5,2000,2000,1,1,1,0,2048,0,0,7,0,0,0,0,0,0,0,0,'',0,1,6.5,1,1,1,0,0,1,0,0,'',12340);
---
> INSERT INTO `creature_template` VALUES (31984,0,0,0,0,0,'Frostwolf Mine Layer (2)','','',0,61,61,0,1214,0,1,1.14286,1,1,20,1,0,7.5,2000,2000,1,1,1,0,2048,0,0,7,0,0,0,0,0,0,0,0,'',0,1,6.5,1,1,1,0,0,1,-386,0,'',12340);
25512c25512
< INSERT INTO `creature_template` VALUES (31986,0,0,0,0,0,'Frostwolf Quartermaster (2)','','',0,75,75,0,1215,130,1.26,1.14286,1,1,20,0,0,1,2000,2000,1,1,1,4096,2048,0,0,7,0,0,0,0,0,0,0,0,'',1,1,13,1,1,1,0,0,1,0,2,'',12340);
---
> INSERT INTO `creature_template` VALUES (31986,0,0,0,0,0,'Frostwolf Quartermaster (2)','','',0,75,75,0,1215,130,1.26,1.14286,1,1,20,0,0,1,2000,2000,1,1,1,4096,2048,0,0,7,0,0,0,0,0,0,0,0,'',1,1,13,1,1,1,0,0,1,-386,2,'',12340);
25516,25517c25516,25517
< INSERT INTO `creature_template` VALUES (31990,0,0,0,0,0,'Frostwolf Shredder Unit (2)','','',0,60,60,0,1214,0,1,1.14286,1,1,20,1,0,7.5,2000,2000,1,1,1,0,2048,0,0,9,0,0,0,0,0,0,0,0,'',0,1,9.1,2,1,1,0,0,1,0,0,'',12340);
< INSERT INTO `creature_template` VALUES (31991,0,0,0,0,0,'Frostwolf Stable Master (2)','Stable Master','',9821,80,80,0,1214,4194307,1.78,1.14286,1,1,20,1,0,7.5,2000,2000,1,1,1,0,2048,0,0,7,0,0,0,0,0,0,0,0,'',1,1,19.5,1,1,1,0,0,1,0,0,'',12340);
---
> INSERT INTO `creature_template` VALUES (31990,0,0,0,0,0,'Frostwolf Shredder Unit (2)','','',0,60,60,0,1214,0,1,1.14286,1,1,20,1,0,7.5,2000,2000,1,1,1,0,2048,0,0,9,0,0,0,0,0,0,0,0,'',0,1,9.1,2,1,1,0,0,1,-93,0,'',12340);
> INSERT INTO `creature_template` VALUES (31991,0,0,0,0,0,'Frostwolf Stable Master (2)','Stable Master','',9821,80,80,0,1214,4194307,1.78,1.14286,1,1,20,1,0,7.5,2000,2000,1,1,1,0,2048,0,0,7,0,0,0,0,0,0,0,0,'',1,1,19.5,1,1,1,0,0,1,-386,0,'',12340);
25520c25520
< INSERT INTO `creature_template` VALUES (31994,0,0,0,0,0,'Frostwolf Wolf Rider Commander (2)','','',0,80,80,0,1214,2,1.79,1.14286,1,1,20,1,0,7.5,2000,2000,1,1,1,0,2048,0,0,7,0,0,0,0,0,0,0,0,'',1,1,10.4,1,1,1,0,0,1,0,0,'',12340);
---
> INSERT INTO `creature_template` VALUES (31994,0,0,0,0,0,'Frostwolf Wolf Rider Commander (2)','','',0,80,80,0,1214,2,1.79,1.14286,1,1,20,1,0,7.5,2000,2000,1,1,1,0,2048,0,0,7,0,0,0,0,0,0,0,0,'',1,1,10.4,1,1,1,0,0,1,-386,0,'',12340);
25522c25522
< INSERT INTO `creature_template` VALUES (31996,0,0,0,0,0,'Gaelden Hammersmith (2)','Stormpike Supply Officer','',0,78,78,0,1217,4224,1.75,1.14286,1,1,20,1,0,7.5,2000,2000,1,1,1,4160,2048,0,0,7,0,0,0,0,0,0,0,0,'',1,1,13,1,1,1,0,0,1,0,2,'',12340);
---
> INSERT INTO `creature_template` VALUES (31996,0,0,0,0,0,'Gaelden Hammersmith (2)','Stormpike Supply Officer','',0,78,78,0,1217,4224,1.75,1.14286,1,1,20,1,0,7.5,2000,2000,1,1,1,4160,2048,0,0,7,0,0,0,0,0,0,0,0,'',1,1,13,1,1,1,0,0,1,-386,2,'',12340);
25527,25528c25527,25528
< INSERT INTO `creature_template` VALUES (32001,0,0,0,0,0,'Grunnda Wolfheart (2)','Frostwolf Supply Officer','',0,78,78,0,1215,4224,1.75,1.14286,1,1,20,1,0,7.5,2000,2000,1,1,1,4160,2048,0,0,7,0,13218,0,0,0,0,0,0,'',1,1,13,1,1,1,0,0,1,0,2,'',12340);
< INSERT INTO `creature_template` VALUES (32002,0,0,0,0,0,'Guse\'s War Rider (2)','','',0,80,80,0,1214,0,1,1.14286,1,1,20,1,0,7.5,2000,2000,1,1,1,0,2048,0,0,1,0,0,0,0,0,0,0,0,'',0,1,45.5,1,1,1,0,174,1,0,0,'',12340);
---
> INSERT INTO `creature_template` VALUES (32001,0,0,0,0,0,'Grunnda Wolfheart (2)','Frostwolf Supply Officer','',0,78,78,0,1215,4224,1.75,1.14286,1,1,20,1,0,7.5,2000,2000,1,1,1,4160,2048,0,0,7,0,13218,0,0,0,0,0,0,'',1,1,13,1,1,1,0,0,1,-386,2,'',12340);
> INSERT INTO `creature_template` VALUES (32002,0,0,0,0,0,'Guse\'s War Rider (2)','','',0,80,80,0,1214,0,1,1.14286,1,1,20,1,0,7.5,2000,2000,1,1,1,0,2048,0,0,1,0,0,0,0,0,0,0,0,'',0,1,45.5,1,1,1,0,174,1,-406,0,'',12340);
25530c25530
< INSERT INTO `creature_template` VALUES (32004,0,0,0,0,0,'Horde Spirit Guide (2)','','',0,80,80,0,83,32768,1,1.14286,1,1,20,1,0,7.5,2000,2000,1,1,2,4928,2048,0,0,7,2,0,0,0,0,0,0,0,'',0,1,13,2,1,1,0,0,1,0,2,'',12340);
---
> INSERT INTO `creature_template` VALUES (32004,0,0,0,0,0,'Horde Spirit Guide (2)','','',0,80,80,0,83,32768,1,1.14286,1,1,20,1,0,7.5,2000,2000,1,1,2,4928,2048,0,0,7,2,0,0,0,0,0,0,0,'',0,1,13,2,1,1,0,0,1,-421,2,'',12340);
25532,25536c25532,25536
< INSERT INTO `creature_template` VALUES (32006,0,0,0,0,0,'Iceblood Marshal (2)','','',0,80,80,0,1534,0,1,1.14286,1,1,20,1,0,7.5,2000,2000,1,1,1,0,2048,0,0,7,0,0,0,0,0,0,0,0,'',0,1,26,1,1,1,0,0,1,0,0,'',12340);
< INSERT INTO `creature_template` VALUES (32007,0,0,0,0,0,'Iceblood Warmaster (2)','','',0,80,80,0,1214,0,1.76,1.14286,1,1,20,1,0,7.5,2000,2000,1,1,1,4096,2048,0,0,7,0,0,0,0,0,0,0,0,'',1,1,26,1,1,1,0,0,1,0,0,'',12340);
< INSERT INTO `creature_template` VALUES (32008,0,0,0,0,0,'Icewing Marshal (2)','','',0,80,80,0,1534,0,1.76,1.14286,1,1,20,1,0,7.5,2000,2000,1,1,1,0,2048,0,0,7,0,0,0,0,0,0,0,0,'',1,1,26,1,1,1,0,0,1,0,0,'',12340);
< INSERT INTO `creature_template` VALUES (32009,0,0,0,0,0,'Icewing Warmaster (2)','','',0,80,80,0,1214,0,1,1.14286,1,1,20,1,0,7.5,2000,2000,1,1,1,0,2048,0,0,7,0,0,0,0,0,0,0,0,'',0,1,26,1,1,1,0,0,1,0,0,'',12340);
< INSERT INTO `creature_template` VALUES (32010,0,0,0,0,0,'Ichman\'s Gryphon (2)','','',0,80,80,0,1216,0,1,1.14286,1,1,20,1,0,7.5,2000,2000,1,1,1,0,2048,0,0,1,0,0,0,0,0,0,0,0,'',0,1,45.5,1,1,1,0,174,1,0,0,'',12340);
---
> INSERT INTO `creature_template` VALUES (32006,0,0,0,0,0,'Iceblood Marshal (2)','','',0,80,80,0,1534,0,1,1.14286,1,1,20,1,0,7.5,2000,2000,1,1,1,0,2048,0,0,7,0,0,0,0,0,0,0,0,'',0,1,26,1,1,1,0,0,1,-406,0,'',12340);
> INSERT INTO `creature_template` VALUES (32007,0,0,0,0,0,'Iceblood Warmaster (2)','','',0,80,80,0,1214,0,1.76,1.14286,1,1,20,1,0,7.5,2000,2000,1,1,1,4096,2048,0,0,7,0,0,0,0,0,0,0,0,'',1,1,26,1,1,1,0,0,1,-406,0,'',12340);
> INSERT INTO `creature_template` VALUES (32008,0,0,0,0,0,'Icewing Marshal (2)','','',0,80,80,0,1534,0,1.76,1.14286,1,1,20,1,0,7.5,2000,2000,1,1,1,0,2048,0,0,7,0,0,0,0,0,0,0,0,'',1,1,26,1,1,1,0,0,1,-406,0,'',12340);
> INSERT INTO `creature_template` VALUES (32009,0,0,0,0,0,'Icewing Warmaster (2)','','',0,80,80,0,1214,0,1,1.14286,1,1,20,1,0,7.5,2000,2000,1,1,1,0,2048,0,0,7,0,0,0,0,0,0,0,0,'',0,1,26,1,1,1,0,0,1,-406,0,'',12340);
> INSERT INTO `creature_template` VALUES (32010,0,0,0,0,0,'Ichman\'s Gryphon (2)','','',0,80,80,0,1216,0,1,1.14286,1,1,20,1,0,7.5,2000,2000,1,1,1,0,2048,0,0,1,0,0,0,0,0,0,0,0,'',0,1,45.5,1,1,1,0,174,1,-406,0,'',12340);
25549c25549
< INSERT INTO `creature_template` VALUES (32023,0,0,0,0,0,'Jeztor\'s War Rider (2)','','',0,80,80,0,1214,0,1,1.14286,1,1,20,1,0,7.5,2000,2000,1,1,1,0,2048,0,0,1,0,0,0,0,0,0,0,0,'',0,1,45.5,1,1,1,0,174,1,0,0,'',12340);
---
> INSERT INTO `creature_template` VALUES (32023,0,0,0,0,0,'Jeztor\'s War Rider (2)','','',0,80,80,0,1214,0,1,1.14286,1,1,20,1,0,7.5,2000,2000,1,1,1,0,2048,0,0,1,0,0,0,0,0,0,0,0,'',0,1,45.5,1,1,1,0,174,1,-406,0,'',12340);
25551,25553c25551,25553
< INSERT INTO `creature_template` VALUES (32025,0,0,0,0,0,'Jotek (2)','','',0,80,81,0,1214,2,1.8,1.14286,1,1,20,1,0,7.5,2000,2000,1,1,1,4160,2048,0,0,7,0,13798,0,0,0,0,0,0,'',1,1,4.81,1,1,1,0,0,1,0,0,'',12340);
< INSERT INTO `creature_template` VALUES (32026,0,0,0,0,0,'Keetar (2)','','',0,78,78,0,1214,2,1.76,1.14286,1,1,20,0,0,1,2000,2000,1,1,1,0,2048,0,0,7,0,13079,0,0,0,0,0,0,'',0,1,1.3,1,1,1,0,0,1,0,0,'',12340);
< INSERT INTO `creature_template` VALUES (32027,0,0,0,0,0,'Korrak the Bloodrager (2)','','',0,82,82,0,37,0,1,1.14286,1,1,20,1,0,7.5,2000,2000,1,1,1,0,2048,0,0,7,0,0,0,0,0,0,0,0,'',0,1,45.5,1,1,1,0,0,1,0,0,'',12340);
---
> INSERT INTO `creature_template` VALUES (32025,0,0,0,0,0,'Jotek (2)','','',0,80,81,0,1214,2,1.8,1.14286,1,1,20,1,0,7.5,2000,2000,1,1,1,4160,2048,0,0,7,0,13798,0,0,0,0,0,0,'',1,1,4.81,1,1,1,0,0,1,-386,0,'',12340);
> INSERT INTO `creature_template` VALUES (32026,0,0,0,0,0,'Keetar (2)','','',0,78,78,0,1214,2,1.76,1.14286,1,1,20,0,0,1,2000,2000,1,1,1,0,2048,0,0,7,0,13079,0,0,0,0,0,0,'',0,1,1.3,1,1,1,0,0,1,-386,0,'',12340);
> INSERT INTO `creature_template` VALUES (32027,0,0,0,0,0,'Korrak the Bloodrager (2)','','',0,82,82,0,37,0,1,1.14286,1,1,20,1,0,7.5,2000,2000,1,1,1,0,2048,0,0,7,0,0,0,0,0,0,0,0,'',0,1,45.5,1,1,1,0,0,1,-406,0,'',12340);
25556,25557c25556,25557
< INSERT INTO `creature_template` VALUES (32030,0,0,0,0,0,'Lieutenant Greywand (2)','','',0,79,79,0,1216,0,1,1.14286,1,1,20,1,0,7.5,2000,2000,1,1,1,0,2048,0,0,7,0,0,0,0,0,0,0,0,'',0,1,10.4,4,1,1,0,0,1,0,0,'',12340);
< INSERT INTO `creature_template` VALUES (32031,0,0,0,0,0,'Lieutenant Grummus (2)','','',0,79,79,0,1214,0,1,1.14286,1,1,20,1,0,7.5,2000,2000,1,1,1,0,2048,0,0,6,0,0,0,0,0,0,0,0,'',0,1,10.4,4,1,1,0,0,1,-93,0,'',12340);
---
> INSERT INTO `creature_template` VALUES (32030,0,0,0,0,0,'Lieutenant Greywand (2)','','',0,79,79,0,1216,0,1,1.14286,1,1,20,1,0,7.5,2000,2000,1,1,1,0,2048,0,0,7,0,0,0,0,0,0,0,0,'',0,1,10.4,4,1,1,0,0,1,-386,0,'',12340);
> INSERT INTO `creature_template` VALUES (32031,0,0,0,0,0,'Lieutenant Grummus (2)','','',0,79,79,0,1214,0,1,1.14286,1,1,20,1,0,7.5,2000,2000,1,1,1,0,2048,0,0,6,0,0,0,0,0,0,0,0,'',0,1,10.4,4,1,1,0,0,1,-386,0,'',12340);
25559,25562c25559,25562
< INSERT INTO `creature_template` VALUES (32033,0,0,0,0,0,'Lieutenant Largent (2)','','',0,79,79,1,1216,0,1,1.14286,1,1,20,1,0,7.5,2000,2000,1,1,1,0,2048,0,0,7,0,0,0,0,0,0,0,0,'',0,1,10.4,4,1,1,0,0,1,0,0,'',12340);
< INSERT INTO `creature_template` VALUES (32034,0,0,0,0,0,'Lieutenant Lewis (2)','','',0,79,79,0,1214,0,1,1.14286,1,1,20,1,0,7.5,2000,2000,1,1,1,0,2048,0,0,7,0,0,0,0,0,0,0,0,'',0,1,10.4,4,1,1,0,0,1,0,0,'',12340);
< INSERT INTO `creature_template` VALUES (32035,0,0,0,0,0,'Lieutenant Lonadin (2)','','',0,79,79,0,1216,0,1,1.14286,1,1,20,1,0,7.5,2000,2000,1,1,1,0,2048,0,0,7,0,0,0,0,0,0,0,0,'',0,1,10.4,4,1,1,0,0,1,0,0,'',12340);
< INSERT INTO `creature_template` VALUES (32036,0,0,0,0,0,'Lieutenant Mancuso (2)','','',0,79,79,0,1216,0,1,1.14286,1,1,20,1,0,7.5,2000,2000,1,1,1,0,2048,0,0,7,0,0,0,0,0,0,0,0,'',0,1,10.4,4,1,1,0,0,1,0,0,'',12340);
---
> INSERT INTO `creature_template` VALUES (32033,0,0,0,0,0,'Lieutenant Largent (2)','','',0,79,79,1,1216,0,1,1.14286,1,1,20,1,0,7.5,2000,2000,1,1,1,0,2048,0,0,7,0,0,0,0,0,0,0,0,'',0,1,10.4,4,1,1,0,0,1,-386,0,'',12340);
> INSERT INTO `creature_template` VALUES (32034,0,0,0,0,0,'Lieutenant Lewis (2)','','',0,79,79,0,1214,0,1,1.14286,1,1,20,1,0,7.5,2000,2000,1,1,1,0,2048,0,0,7,0,0,0,0,0,0,0,0,'',0,1,10.4,4,1,1,0,0,1,-386,0,'',12340);
> INSERT INTO `creature_template` VALUES (32035,0,0,0,0,0,'Lieutenant Lonadin (2)','','',0,79,79,0,1216,0,1,1.14286,1,1,20,1,0,7.5,2000,2000,1,1,1,0,2048,0,0,7,0,0,0,0,0,0,0,0,'',0,1,10.4,4,1,1,0,0,1,-386,0,'',12340);
> INSERT INTO `creature_template` VALUES (32036,0,0,0,0,0,'Lieutenant Mancuso (2)','','',0,79,79,0,1216,0,1,1.14286,1,1,20,1,0,7.5,2000,2000,1,1,1,0,2048,0,0,7,0,0,0,0,0,0,0,0,'',0,1,10.4,4,1,1,0,0,1,-386,0,'',12340);
25564,25569c25564,25569
< INSERT INTO `creature_template` VALUES (32038,0,0,0,0,0,'Lieutenant Rugba (2)','','',0,79,79,0,1214,0,1,1.14286,1,1,20,1,0,7.5,2000,2000,1,1,1,0,2048,0,0,7,0,0,0,0,0,0,0,0,'',0,1,10.4,4,1,1,0,0,1,0,0,'',12340);
< INSERT INTO `creature_template` VALUES (32039,0,0,0,0,0,'Lieutenant Spencer (2)','','',0,79,79,0,1216,0,1,1.14286,1,1,20,1,0,7.5,2000,2000,1,1,1,0,2048,0,0,7,0,0,0,0,0,0,0,0,'',0,1,10.4,4,1,1,0,0,1,0,0,'',12340);
< INSERT INTO `creature_template` VALUES (32040,0,0,0,0,0,'Lieutenant Stouthandle (2)','','',0,79,79,0,1216,0,1,1.14286,1,1,20,1,0,7.5,2000,2000,1,1,1,0,2048,0,0,7,0,0,0,0,0,0,0,0,'',0,1,10.4,4,1,1,0,0,1,0,0,'',12340);
< INSERT INTO `creature_template` VALUES (32041,0,0,0,0,0,'Lieutenant Stronghoof (2)','','',0,79,79,0,1214,0,1,1.14286,1,1,20,1,0,7.5,2000,2000,1,1,1,0,2048,0,0,7,0,0,0,0,0,0,0,0,'',0,1,10.4,4,1,1,0,0,1,0,0,'',12340);
< INSERT INTO `creature_template` VALUES (32042,0,0,0,0,0,'Lieutenant Vol\'talar (2)','','',0,79,79,0,1214,0,1,1.14286,1,1,20,1,0,7.5,2000,2000,1,1,1,0,2048,0,0,7,0,0,0,0,0,0,0,0,'',0,1,10.4,4,1,1,0,0,1,0,0,'',12340);
< INSERT INTO `creature_template` VALUES (32043,0,0,0,0,0,'Masha Swiftcut (2)','','',0,78,78,0,1214,2,1.76,1.14286,1,1,20,0,0,1,2000,2000,1,1,1,0,2048,0,0,7,0,13088,0,0,0,0,0,0,'',1,1,1.3,1,1,1,0,0,1,0,0,'',12340);
---
> INSERT INTO `creature_template` VALUES (32038,0,0,0,0,0,'Lieutenant Rugba (2)','','',0,79,79,0,1214,0,1,1.14286,1,1,20,1,0,7.5,2000,2000,1,1,1,0,2048,0,0,7,0,0,0,0,0,0,0,0,'',0,1,10.4,4,1,1,0,0,1,-386,0,'',12340);
> INSERT INTO `creature_template` VALUES (32039,0,0,0,0,0,'Lieutenant Spencer (2)','','',0,79,79,0,1216,0,1,1.14286,1,1,20,1,0,7.5,2000,2000,1,1,1,0,2048,0,0,7,0,0,0,0,0,0,0,0,'',0,1,10.4,4,1,1,0,0,1,-386,0,'',12340);
> INSERT INTO `creature_template` VALUES (32040,0,0,0,0,0,'Lieutenant Stouthandle (2)','','',0,79,79,0,1216,0,1,1.14286,1,1,20,1,0,7.5,2000,2000,1,1,1,0,2048,0,0,7,0,0,0,0,0,0,0,0,'',0,1,10.4,4,1,1,0,0,1,-386,0,'',12340);
> INSERT INTO `creature_template` VALUES (32041,0,0,0,0,0,'Lieutenant Stronghoof (2)','','',0,79,79,0,1214,0,1,1.14286,1,1,20,1,0,7.5,2000,2000,1,1,1,0,2048,0,0,7,0,0,0,0,0,0,0,0,'',0,1,10.4,4,1,1,0,0,1,-386,0,'',12340);
> INSERT INTO `creature_template` VALUES (32042,0,0,0,0,0,'Lieutenant Vol\'talar (2)','','',0,79,79,0,1214,0,1,1.14286,1,1,20,1,0,7.5,2000,2000,1,1,1,0,2048,0,0,7,0,0,0,0,0,0,0,0,'',0,1,10.4,4,1,1,0,0,1,-386,0,'',12340);
> INSERT INTO `creature_template` VALUES (32043,0,0,0,0,0,'Masha Swiftcut (2)','','',0,78,78,0,1214,2,1.76,1.14286,1,1,20,0,0,1,2000,2000,1,1,1,0,2048,0,0,7,0,13088,0,0,0,0,0,0,'',1,1,1.3,1,1,1,0,0,1,-386,0,'',12340);
25571,25572c25571,25572
< INSERT INTO `creature_template` VALUES (32045,0,0,0,0,0,'Morloch (2)','','',0,78,78,1,59,0,1.77,1.14286,1,1,20,0,0,1,2000,2000,1,1,2,512,2048,0,0,7,0,11657,11657,0,0,0,0,0,'',1,1,1.3,2,1,1,0,0,1,0,0,'',12340);
< INSERT INTO `creature_template` VALUES (32046,0,0,0,0,0,'Mountaineer Boombellow (2)','','',0,80,80,0,1216,2,1.8,1.14286,1,1,20,1,0,7.5,2000,2000,1,1,1,0,2048,0,0,7,0,13797,0,0,0,0,0,0,'',1,1,4.81,1,1,1,0,0,1,0,0,'',12340);
---
> INSERT INTO `creature_template` VALUES (32045,0,0,0,0,0,'Morloch (2)','','',0,78,78,1,59,0,1.77,1.14286,1,1,20,0,0,1,2000,2000,1,1,2,512,2048,0,0,7,0,11657,11657,0,0,0,0,0,'',1,1,1.3,2,1,1,0,0,1,-386,0,'',12340);
> INSERT INTO `creature_template` VALUES (32046,0,0,0,0,0,'Mountaineer Boombellow (2)','','',0,80,80,0,1216,2,1.8,1.14286,1,1,20,1,0,7.5,2000,2000,1,1,1,0,2048,0,0,7,0,13797,0,0,0,0,0,0,'',1,1,4.81,1,1,1,0,0,1,-386,0,'',12340);
25574c25574
< INSERT INTO `creature_template` VALUES (32048,0,0,0,0,0,'Murgot Deepforge (2)','','',5021,80,80,0,1216,3,1.79,1.14286,1,1,20,1,0,7.5,2000,2000,1,1,1,4096,2048,0,0,7,0,13257,0,0,0,0,0,0,'',1,1,13,1,1,1,0,0,1,0,0,'',12340);
---
> INSERT INTO `creature_template` VALUES (32048,0,0,0,0,0,'Murgot Deepforge (2)','','',5021,80,80,0,1216,3,1.79,1.14286,1,1,20,1,0,7.5,2000,2000,1,1,1,4096,2048,0,0,7,0,13257,0,0,0,0,0,0,'',1,1,13,1,1,1,0,0,1,-386,0,'',12340);
25576c25576
< INSERT INTO `creature_template` VALUES (32050,0,0,0,0,0,'Primalist Thurloga (2)','','',0,80,80,0,1214,2,1.79,1.14286,1,1,20,1,0,7.5,2000,2000,1,1,2,4160,2048,0,0,7,0,13236,0,0,0,0,0,0,'',1,1,15.6,12,1,1,0,180,1,0,0,'',12340);
---
> INSERT INTO `creature_template` VALUES (32050,0,0,0,0,0,'Primalist Thurloga (2)','','',0,80,80,0,1214,2,1.79,1.14286,1,1,20,1,0,7.5,2000,2000,1,1,2,4160,2048,0,0,7,0,13236,0,0,0,0,0,0,'',1,1,15.6,12,1,1,0,180,1,-386,0,'',12340);
25606c25606
< INSERT INTO `creature_template` VALUES (32080,0,0,0,0,0,'Smith Regzar (2)','','',5124,80,80,0,1215,3,1.79,1.14286,1,1,20,1,0,7.5,2000,2000,1,1,1,4160,2048,0,0,7,0,13176,0,0,0,0,0,0,'',1,1,13,1,1,1,0,0,1,0,0,'',12340);
---
> INSERT INTO `creature_template` VALUES (32080,0,0,0,0,0,'Smith Regzar (2)','','',5124,80,80,0,1215,3,1.79,1.14286,1,1,20,1,0,7.5,2000,2000,1,1,1,4160,2048,0,0,7,0,13176,0,0,0,0,0,0,'',1,1,13,1,1,1,0,0,1,-386,0,'',12340);
25612,25613c25612,25613
< INSERT INTO `creature_template` VALUES (32086,0,0,0,0,0,'Stonehearth Marshal (2)','','',0,80,80,0,1534,0,1.76,1.14286,1,1,20,1,0,7.5,2000,2000,1,1,1,0,2048,0,0,7,0,14765,0,0,0,0,0,0,'',1,1,26,1,1,1,0,0,1,0,0,'',12340);
< INSERT INTO `creature_template` VALUES (32087,0,0,0,0,0,'Stonehearth Warmaster (2)','','',0,80,80,0,1214,0,1,1.14286,1,1,20,1,0,7.5,2000,2000,1,1,1,0,2048,0,0,7,0,0,0,0,0,0,0,0,'',0,1,26,1,1,1,0,0,1,0,0,'',12340);
---
> INSERT INTO `creature_template` VALUES (32086,0,0,0,0,0,'Stonehearth Marshal (2)','','',0,80,80,0,1534,0,1.76,1.14286,1,1,20,1,0,7.5,2000,2000,1,1,1,0,2048,0,0,7,0,14765,0,0,0,0,0,0,'',1,1,26,1,1,1,0,0,1,-406,0,'',12340);
> INSERT INTO `creature_template` VALUES (32087,0,0,0,0,0,'Stonehearth Warmaster (2)','','',0,80,80,0,1214,0,1,1.14286,1,1,20,1,0,7.5,2000,2000,1,1,1,0,2048,0,0,7,0,0,0,0,0,0,0,0,'',0,1,26,1,1,1,0,0,1,-406,0,'',12340);
25619c25619
< INSERT INTO `creature_template` VALUES (32093,0,0,0,0,0,'Stormpike Explosives Expert (2)','','',0,60,60,0,1216,2,1,1.14286,1,1,20,1,0,7.5,2000,2000,1,1,1,0,2048,0,0,7,0,0,0,0,0,0,0,0,'',0,1,3.25,1,1,1,0,0,1,0,0,'',12340);
---
> INSERT INTO `creature_template` VALUES (32093,0,0,0,0,0,'Stormpike Explosives Expert (2)','','',0,60,60,0,1216,2,1,1.14286,1,1,20,1,0,7.5,2000,2000,1,1,1,0,2048,0,0,7,0,0,0,0,0,0,0,0,'',0,1,3.25,1,1,1,0,0,1,-386,0,'',12340);
25622c25622
< INSERT INTO `creature_template` VALUES (32096,0,0,0,0,0,'Stormpike Mine Layer (2)','','',0,81,81,0,1216,0,1,1.14286,1,1,20,1,0,7.5,2000,2000,1,1,1,0,2048,0,0,7,0,0,0,0,0,0,0,0,'',0,1,6.5,1,1,1,0,0,1,0,0,'',12340);
---
> INSERT INTO `creature_template` VALUES (32096,0,0,0,0,0,'Stormpike Mine Layer (2)','','',0,81,81,0,1216,0,1,1.14286,1,1,20,1,0,7.5,2000,2000,1,1,1,0,2048,0,0,7,0,0,0,0,0,0,0,0,'',0,1,6.5,1,1,1,0,0,1,-386,0,'',12340);
25625c25625
< INSERT INTO `creature_template` VALUES (32099,0,0,0,0,0,'Stormpike Quartermaster (2)','','',5241,75,75,0,1217,131,1.26,1.14286,1,1,20,0,0,1,2000,2000,1,1,1,4096,2048,0,0,7,0,0,0,0,0,0,0,0,'',1,1,13,1,1,1,0,0,1,0,2,'',12340);
---
> INSERT INTO `creature_template` VALUES (32099,0,0,0,0,0,'Stormpike Quartermaster (2)','','',5241,75,75,0,1217,131,1.26,1.14286,1,1,20,0,0,1,2000,2000,1,1,1,4096,2048,0,0,7,0,0,0,0,0,0,0,0,'',1,1,13,1,1,1,0,0,1,-386,2,'',12340);
25627c25627
< INSERT INTO `creature_template` VALUES (32101,0,0,0,0,0,'Stormpike Ram Rider Commander (2)','','',5281,80,80,0,1216,3,1.79,1.14286,1,1,20,1,0,7.5,2000,2000,1,1,1,4160,2048,0,0,7,0,13577,0,0,0,0,0,0,'',1,1,10.4,1,1,1,0,0,1,0,0,'',12340);
---
> INSERT INTO `creature_template` VALUES (32101,0,0,0,0,0,'Stormpike Ram Rider Commander (2)','','',5281,80,80,0,1216,3,1.79,1.14286,1,1,20,1,0,7.5,2000,2000,1,1,1,4160,2048,0,0,7,0,13577,0,0,0,0,0,0,'',1,1,10.4,1,1,1,0,0,1,-386,0,'',12340);
25630,25631c25630,25631
< INSERT INTO `creature_template` VALUES (32104,0,0,0,0,0,'Stormpike Shredder Unit (2)','','',0,60,60,0,1216,0,1,1.14286,1,1,20,1,0,7.5,2000,2000,1,1,1,0,2048,0,0,9,0,0,0,0,0,0,0,0,'',0,1,9.1,2,1,1,0,0,1,0,0,'',12340);
< INSERT INTO `creature_template` VALUES (32105,0,0,0,0,0,'Stormpike Stable Master (2)','Stable Master','',9821,80,80,0,1216,4194307,1.78,1.14286,1,1,20,1,0,7.5,2000,2000,1,1,1,4160,2048,0,0,7,0,13617,0,0,0,0,0,0,'',1,1,19.5,1,1,1,0,0,1,0,0,'',12340);
---
> INSERT INTO `creature_template` VALUES (32104,0,0,0,0,0,'Stormpike Shredder Unit (2)','','',0,60,60,0,1216,0,1,1.14286,1,1,20,1,0,7.5,2000,2000,1,1,1,0,2048,0,0,9,0,0,0,0,0,0,0,0,'',0,1,9.1,2,1,1,0,0,1,-93,0,'',12340);
> INSERT INTO `creature_template` VALUES (32105,0,0,0,0,0,'Stormpike Stable Master (2)','Stable Master','',9821,80,80,0,1216,4194307,1.78,1.14286,1,1,20,1,0,7.5,2000,2000,1,1,1,4160,2048,0,0,7,0,13617,0,0,0,0,0,0,'',1,1,19.5,1,1,1,0,0,1,-386,0,'',12340);
25636c25636
< INSERT INTO `creature_template` VALUES (32110,0,0,0,0,0,'Taskmaster Snivvle (2)','','',0,78,78,0,26,0,1.76,1.14286,1,1,20,0,0,1,2000,2000,1,1,2,0,2048,0,0,7,0,11677,11677,0,0,0,0,0,'',1,1,1.3,1,1,1,0,0,1,0,0,'',12340);
---
> INSERT INTO `creature_template` VALUES (32110,0,0,0,0,0,'Taskmaster Snivvle (2)','','',0,78,78,0,26,0,1.76,1.14286,1,1,20,0,0,1,2000,2000,1,1,2,0,2048,0,0,7,0,11677,11677,0,0,0,0,0,'',1,1,1.3,1,1,1,0,0,1,-386,0,'',12340);
25645c25645
< INSERT INTO `creature_template` VALUES (32119,0,0,0,0,0,'Umi Thorson (2)','','',0,78,78,0,1216,0,1.77,1.14286,1,1,20,0,0,1,2000,2000,1,1,1,4096,2048,0,0,7,0,13078,0,0,0,0,0,0,'',0,1,1.3,1,1,1,0,0,1,0,0,'',12340);
---
> INSERT INTO `creature_template` VALUES (32119,0,0,0,0,0,'Umi Thorson (2)','','',0,78,78,0,1216,0,1.77,1.14286,1,1,20,0,0,1,2000,2000,1,1,1,4096,2048,0,0,7,0,13078,0,0,0,0,0,0,'',0,1,1.3,1,1,1,0,0,1,-386,0,'',12340);
25662c25662
< INSERT INTO `creature_template` VALUES (32136,0,0,0,0,0,'Vipore\'s Gryphon (2)','','',0,80,80,0,1216,0,1,1.14286,1,1,20,1,0,7.5,2000,2000,1,1,1,0,2048,0,0,1,0,0,0,0,0,0,0,0,'',0,1,45.5,1,1,1,0,174,1,0,0,'',12340);
---
> INSERT INTO `creature_template` VALUES (32136,0,0,0,0,0,'Vipore\'s Gryphon (2)','','',0,80,80,0,1216,0,1,1.14286,1,1,20,1,0,7.5,2000,2000,1,1,1,0,2048,0,0,1,0,0,0,0,0,0,0,0,'',0,1,45.5,1,1,1,0,174,1,-406,0,'',12340);
26247c26247
< INSERT INTO `creature_template` VALUES (32766,0,0,0,0,0,'Wing Commander Ichman (2)','','',5146,80,80,0,1217,3,1.76,1.14286,1,1,20,1,0,7.5,2000,2000,1,1,1,4928,2048,0,0,7,0,0,0,0,0,0,0,0,'',1,1,10,1,1,1,0,0,1,0,2,'',12340);
---
> INSERT INTO `creature_template` VALUES (32766,0,0,0,0,0,'Wing Commander Ichman (2)','','',5146,80,80,0,1217,3,1.76,1.14286,1,1,20,1,0,7.5,2000,2000,1,1,1,4928,2048,0,0,7,0,0,0,0,0,0,0,0,'',1,1,10,1,1,1,0,0,1,-386,2,'',12340);
26275c26275
< INSERT INTO `creature_template` VALUES (32796,0,0,0,0,0,'Battleground Demolisher (1)','','vehichleCursor',0,80,80,0,168,16777216,1,1,1,1,20,0,0,1,2000,2000,1,1,1,32768,2048,0,0,9,131080,0,0,0,0,158,0,0,'',0,1,24.3355,1,1,1,0,112,0,-169,2,'',12340);
---
> INSERT INTO `creature_template` VALUES (32796,0,0,0,0,0,'Battleground Demolisher (1)','','vehichleCursor',0,80,80,0,168,16777216,1,1,1,1,20,0,0,1,2000,2000,1,1,1,32768,2048,0,0,9,131080,0,0,0,0,158,0,0,'',0,1,24.3355,1,1,1,0,112,0,-169,8388630,'',12340);
26335c26335
< INSERT INTO `creature_template` VALUES (32871,33070,0,0,0,0,'Algalon the Observer','','',0,83,83,2,190,0,4,2.14286,1,1,20,3,0,35,1000,2000,1,1,1,33024,2048,0,0,4,108,0,0,0,0,0,0,0,'',0,1,600,50,1,1,0,196,1,-361,2148007937,'boss_algalon_the_observer',9767);
---
> INSERT INTO `creature_template` VALUES (32871,33070,0,0,0,0,'Algalon the Observer','','',0,83,83,2,190,0,4,2.14286,1,1,20,3,0,190,1000,2000,1,1,1,33024,2048,0,0,4,108,0,0,0,0,0,0,0,'',0,1,600,50,1,1,0,196,1,-361,2148007937,'boss_algalon_the_observer',9767);
26416c26416
< INSERT INTO `creature_template` VALUES (33052,33116,0,0,0,0,'Living Constellation','','',0,81,81,2,14,0,1,1,1,1,20,1,0,7.5,2000,2000,1,1,1,33587200,2048,0,0,10,0,0,0,0,0,0,0,0,'',0,1,20,25,1,1,0,0,1,-348,0,'npc_living_constellation',9767);
---
> INSERT INTO `creature_template` VALUES (33052,33116,0,0,0,0,'Living Constellation','','',0,81,81,2,14,0,1,1,1,1,20,1,0,7.5,2000,2000,1,1,1,33587200,2048,0,0,10,0,0,0,0,0,0,0,0,'',0,1,20,25,1,1,0,0,1,-280,0,'npc_living_constellation',9767);
26427c26427
< INSERT INTO `creature_template` VALUES (33070,0,0,0,0,0,'Algalon the Observer (1)','','',0,83,83,2,190,0,4,2.14286,1,1,20,3,0,70,1000,2000,1,1,1,33024,2048,0,0,4,108,0,0,0,0,0,0,0,'',0,1,2500,50,1,1,0,196,1,-361,524289,'',9767);
---
> INSERT INTO `creature_template` VALUES (33070,0,0,0,0,0,'Algalon the Observer (1)','','',0,83,83,2,190,0,4,2.14286,1,1,20,3,0,285,1000,2000,1,1,1,33024,2048,0,0,4,108,0,0,0,0,0,0,0,'',0,1,2500,50,1,1,0,196,1,-361,524289,'',9767);
26443c26443
< INSERT INTO `creature_template` VALUES (33116,0,0,0,0,0,'Living Constellation (1)','','',0,81,81,2,14,0,1,1,1,1,20,1,0,15,2000,2000,1,1,1,33587200,2048,0,0,10,0,0,0,0,0,0,0,0,'',0,1,40,25,1,1,0,0,1,-348,0,'',9767);
---
> INSERT INTO `creature_template` VALUES (33116,0,0,0,0,0,'Living Constellation (1)','','',0,81,81,2,14,0,1,1,1,1,20,1,0,15,2000,2000,1,1,1,33587200,2048,0,0,10,0,0,0,0,0,0,0,0,'',0,1,40,25,1,1,0,0,1,-280,0,'',9767);
26504c26504
< INSERT INTO `creature_template` VALUES (33210,34254,0,0,0,0,'Expedition Commander','','',10314,81,81,2,35,1,1,1.14286,1,1,20,1,0,7.5,2000,2000,1,1,1,164614,2048,0,0,10,0,0,0,0,0,0,0,0,'',0,1,30,1,1,2.5,0,0,1,0,2,'npc_ulduar_expedition_commander',9767);
---
> INSERT INTO `creature_template` VALUES (33210,34254,0,0,0,0,'Expedition Commander','','',10314,81,81,2,35,1,1,1.14286,1,1,20,1,0,7.5,2000,2000,1,1,1,164614,2048,0,0,10,0,0,0,0,0,0,0,0,'',0,1,30,1,1,2.5,0,0,1,0,2,'npc_expedition_commander',9767);
26524c26524
< INSERT INTO `creature_template` VALUES (33233,0,0,0,0,0,'Razorscale Controller','','',0,80,80,2,14,0,1,1.14286,1,1,20,1,0,7.5,2000,2000,1,1,1,33554432,2048,0,0,10,0,0,0,0,0,0,0,0,'',0,1,1,1,1,1,0,0,1,0,130,'',12340);
---
> INSERT INTO `creature_template` VALUES (33233,0,0,0,0,0,'Razorscale Controller','','',0,80,80,2,35,0,1,1.14286,1,1,20,1,0,7.5,2000,2000,1,1,1,33554432,2048,0,0,10,0,0,0,0,0,0,0,0,'NullCreatureAI',0,1,1,1,1,1,0,0,1,0,130,'',12340);
26536c26536
< INSERT INTO `creature_template` VALUES (33245,0,0,0,0,0,'Razorscale Spawner','','',0,80,80,2,14,0,1,1.14286,1,1,20,1,0,7.5,2000,2000,1,1,1,33554432,2048,0,0,10,0,0,0,0,0,0,0,0,'',0,1,1,1,1,1,0,0,1,0,128,'',12340);
---
> INSERT INTO `creature_template` VALUES (33245,0,0,0,0,0,'Razorscale Spawner','','',0,80,80,2,14,0,1,1.14286,1,1,20,1,0,7.5,2000,2000,1,1,1,33554432,2048,0,0,10,0,0,0,0,0,0,0,0,'',0,1,1,1,1,1,0,0,1,0,128,'npc_razorscale_spawner',12340);
26542c26542
< INSERT INTO `creature_template` VALUES (33259,34257,0,0,0,0,'Expedition Trapper','','',0,80,80,2,2105,0,1,1.14286,1,1,20,1,0,7.5,1500,2000,1,1,1,163846,2048,0,0,7,0,0,0,0,0,0,0,0,'NullCreatureAI',0,1,25,1,1,2.5,0,0,1,-12,2,'',9767);
---
> INSERT INTO `creature_template` VALUES (33259,34257,0,0,0,0,'Expedition Trapper','','',0,80,80,2,2105,0,1,1.14286,1,1,20,1,0,7.5,1500,2000,1,1,1,163846,2048,0,0,7,0,0,0,0,0,0,0,0,'NullCreatureAI',0,1,25,1,1,2.5,0,0,1,-12,2,'npc_expedition_trapper',9767);
26549c26549
< INSERT INTO `creature_template` VALUES (33282,0,0,0,0,0,'Razorscale Harpoon Fire State','','',0,80,80,2,14,0,1,1.14286,1,1,20,1,0,7.5,2000,2000,1,1,1,33554436,2048,0,0,10,0,0,0,0,0,0,0,0,'',0,1,1,1,1,2.5,0,0,1,0,130,'npc_ulduar_harpoonfirestate',12340);
---
> INSERT INTO `creature_template` VALUES (33282,0,0,0,0,0,'Razorscale Harpoon Fire State','','',0,80,80,2,14,0,1,1.14286,1,1,20,1,0,7.5,2000,2000,1,1,1,33554436,2048,0,0,10,0,0,0,0,0,0,0,0,'',0,1,1,1,1,2.5,0,0,1,0,130,'npc_razorscale_harpoon_fire_state',12340);
26552c26552
< INSERT INTO `creature_template` VALUES (33287,34256,0,0,0,0,'Expedition Engineer','','',0,80,80,2,2105,0,2.5,1.14,1,1,20,1,0,7.5,1500,2000,1,1,2,164610,2048,0,0,7,0,0,0,0,0,0,0,0,'',0,1,25,30,1,2.5,0,0,1,-12,2,'npc_ulduar_expedition_engineer',9767);
---
> INSERT INTO `creature_template` VALUES (33287,34256,0,0,0,0,'Expedition Engineer','','',0,80,80,2,2105,0,2.5,1.14,1,1,20,1,0,7.5,1500,2000,1,1,2,164610,2048,0,0,7,0,0,0,0,0,0,0,0,'',0,1,25,30,1,2.5,0,0,1,-12,2,'npc_expedition_engineer',9767);
26628c26628
< INSERT INTO `creature_template` VALUES (33388,33850,0,0,0,0,'Dark Rune Guardian','','',0,80,80,2,1965,0,1.6,1.42857,1,1,20,1,0,7.5,2000,2000,1,1,1,32768,2048,0,0,7,8,0,0,0,0,0,0,0,'',0,1,8,1,1,1,0,144,1,-286,0,'npc_ulduar_dark_rune_guardian',9767);
---
> INSERT INTO `creature_template` VALUES (33388,33850,0,0,0,0,'Dark Rune Guardian','','',0,80,80,2,1965,0,1.6,1.42857,1,1,20,1,0,7.5,2000,2000,1,1,1,32768,2048,0,0,7,8,0,0,0,0,0,0,0,'',0,1,8,1,1,1,0,144,1,-286,0,'npc_razorscale_dark_rune_guardian',9767);
26675c26675
< INSERT INTO `creature_template` VALUES (33453,33851,0,0,0,0,'Dark Rune Watcher','','',0,80,80,2,1965,0,1.6,1.42857,1,1,20,1,0,7.5,2000,2000,1,1,8,32768,2048,0,0,7,8,0,0,0,0,0,0,0,'',0,1,8,10,1,1,0,144,1,-286,0,'npc_ulduar_dark_rune_watcher',9767);
---
> INSERT INTO `creature_template` VALUES (33453,33851,0,0,0,0,'Dark Rune Watcher','','',0,80,80,2,1965,0,1.6,1.42857,1,1,20,1,0,7.5,2000,2000,1,1,8,32768,2048,0,0,7,8,0,0,0,0,0,0,0,'',0,1,8,10,1,1,0,144,1,-286,0,'npc_razorscale_dark_rune_watcher',9767);
26983c26983
< INSERT INTO `creature_template` VALUES (33816,34255,0,0,0,0,'Expedition Defender','','',0,80,80,2,2105,0,1,1.14286,1,1,20,1,0,7.5,1500,2000,1,1,1,163846,2048,0,0,7,0,0,0,0,0,0,0,0,'NullCreatureAI',0,1,25,1,1,2.5,0,0,1,-12,0,'',9767);
---
> INSERT INTO `creature_template` VALUES (33816,34255,0,0,0,0,'Expedition Defender','','',0,80,80,2,2105,0,1,1.14286,1,1,20,1,0,7.5,1500,2000,1,1,1,163846,2048,0,0,7,0,0,0,0,0,0,0,0,'NullCreatureAI',0,1,25,1,1,2.5,0,0,1,-12,0,'npc_expedition_defender',9767);
27007c27007
< INSERT INTO `creature_template` VALUES (33846,33852,0,0,0,0,'Dark Rune Sentinel','','',0,80,80,2,1965,0,1.6,1.42857,1,1,20,1,0,7.5,2000,2000,1,1,1,32768,2048,0,0,7,8,0,0,0,0,0,0,0,'',0,1,13,1,1,1,0,144,1,-286,0,'npc_ulduar_dark_rune_sentinel',9767);
---
> INSERT INTO `creature_template` VALUES (33846,33852,0,0,0,0,'Dark Rune Sentinel','','',0,80,80,2,1965,0,1.6,1.42857,1,1,20,1,0,7.5,2000,2000,1,1,1,32768,2048,0,0,7,8,0,0,0,0,0,0,0,'',0,1,13,1,1,1,0,144,1,-286,0,'npc_razorscale_dark_rune_sentinel',9767);
27144c27144
< INSERT INTO `creature_template` VALUES (34035,34171,0,0,0,0,'Feral Defender','','',0,83,83,2,16,0,1.66667,1.14286,1,1,20,3,5,13,1500,2000,1,1,1,0,2048,0,0,1,108,0,0,0,0,0,0,0,'',0,1,14.55,1,1,1,0,180,1,-361,0,'npc_auriaya_feral_defender',9767);
---
> INSERT INTO `creature_template` VALUES (34035,34171,0,0,0,0,'Feral Defender','','',0,83,83,2,16,0,1.66667,1.14286,1,1,20,3,5,2.6,1500,2000,1,1,1,0,2048,0,0,1,108,0,0,0,0,0,0,0,'',0,1,14.55,1,1,1,0,180,1,-361,0,'npc_auriaya_feral_defender',9767);
27255c27255
< INSERT INTO `creature_template` VALUES (34171,0,0,0,0,0,'Feral Defender (1)','','',0,83,83,2,16,0,1.66667,1.14286,1,1,20,3,5,25,1500,2000,1,1,1,0,2048,0,0,1,108,0,0,0,0,0,0,0,'',0,1,44,1,1,1,0,180,1,-361,0,'',9767);
---
> INSERT INTO `creature_template` VALUES (34171,0,0,0,0,0,'Feral Defender (1)','','',0,83,83,2,16,0,1.66667,1.14286,1,1,20,3,5,5.2,1500,2000,1,1,1,0,2048,0,0,1,108,0,0,0,0,0,0,0,'',0,1,44,1,1,1,0,180,1,-361,0,'',9767);
27269c27269
< INSERT INTO `creature_template` VALUES (34188,34189,0,0,0,0,'Razorscale Devouring Flame Stalker','','',0,83,83,2,14,0,1,1.14286,1,1,20,1,0,7.5,2000,2000,1,1,1,33554436,2048,0,0,10,0,0,0,0,0,0,0,0,'NullCreatureAI',0,1,1,1,1,1,0,0,1,0,130,'',12340);
---
> INSERT INTO `creature_template` VALUES (34188,34189,0,0,0,0,'Razorscale Devouring Flame Stalker','','',0,83,83,2,14,0,1,1.14286,1,1,20,1,0,7.5,2000,2000,1,1,1,33554436,2048,0,0,10,0,0,0,0,0,0,0,0,'NullCreatureAI',0,1,1,1,1,1,0,0,1,0,130,'npc_razorscale_devouring_flame',12340);
28284c28284
< INSERT INTO `creature_template` VALUES (36572,0,0,0,0,0,'Onyxian Warder (1)','','',0,80,80,2,103,0,0.888888,1.14286,1,1,20,1,0,13,2000,2000,1,1,1,64,2048,0,0,2,8,36572,0,12129,0,0,3627,4741,'',1,1,150,3,1,2.5,0,0,1,0,0,'',12340);
---
> INSERT INTO `creature_template` VALUES (36572,0,0,0,0,0,'Onyxian Warder (1)','','',0,80,80,2,103,0,0.888888,1.14286,1,1,20,1,0,13,2000,2000,1,1,1,64,2048,0,0,2,8,36572,0,12129,0,0,3627,4741,'',1,1,150,3,1,2.5,0,0,1,-273,0,'',12340);
28547c28547
< INSERT INTO `creature_template` VALUES (37234,0,0,0,0,0,'Aggi Rumblestomp (3)','','',0,80,80,2,1216,0,1.75,1.14286,1,1,20,0,0,1.1,2000,2000,1,1,1,0,2048,0,0,7,0,13086,0,0,0,0,192,192,'',1,1,1.3,1,1,1,0,0,1,0,0,'',12340);
---
> INSERT INTO `creature_template` VALUES (37234,0,0,0,0,0,'Aggi Rumblestomp (3)','','',0,80,80,2,1216,0,1.75,1.14286,1,1,20,0,0,1.1,2000,2000,1,1,1,0,2048,0,0,7,0,13086,0,0,0,0,192,192,'',1,1,1.3,1,1,1,0,0,1,-386,0,'',12340);
28549c28549
< INSERT INTO `creature_template` VALUES (37236,0,0,0,13116,0,'Alliance Spirit Guide (3)','','',0,81,81,2,84,32768,1,1.14286,1,1,20,1,0,49.1,2000,2000,1,1,2,4930,2048,0,0,7,2,0,0,0,0,0,0,0,'',0,1,13,2,1,1,0,0,1,0,0,'',12340);
---
> INSERT INTO `creature_template` VALUES (37236,0,0,0,13116,0,'Alliance Spirit Guide (3)','','',0,81,81,2,84,32768,1,1.14286,1,1,20,1,0,49.1,2000,2000,1,1,2,4930,2048,0,0,7,2,0,0,0,0,0,0,0,'',0,1,13,2,1,1,0,0,1,-421,0,'',12340);
28552c28552
< INSERT INTO `creature_template` VALUES (37239,0,0,0,0,0,'Arch Druid Renferal (3)','','',5142,80,80,2,1216,3,1.76,1.14286,1,1,20,1,0,8.2,2000,2000,1,1,2,4160,2048,0,0,7,0,13442,0,0,0,0,1861,1861,'',1,1,15.6,12,1,1,0,0,1,0,0,'',12340);
---
> INSERT INTO `creature_template` VALUES (37239,0,0,0,0,0,'Arch Druid Renferal (3)','','',5142,80,80,2,1216,3,1.76,1.14286,1,1,20,1,0,8.2,2000,2000,1,1,2,4160,2048,0,0,7,0,13442,0,0,0,0,1861,1861,'',1,1,15.6,12,1,1,0,0,1,-386,0,'',12340);
28584,28591c28584,28591
< INSERT INTO `creature_template` VALUES (37271,0,0,0,0,0,'Commander Duffy (3)','','',0,81,81,0,1216,2,1,1.14286,1,1,20,1,0,1,2000,2000,1,1,1,0,2048,0,0,7,0,0,0,0,0,0,0,0,'',0,1,13,4,1,1,0,0,1,0,0,'',12340);
< INSERT INTO `creature_template` VALUES (37272,0,0,0,0,0,'Commander Karl Philips (3)','','',0,81,81,1,1216,2,1,1.14286,1,1,20,1,0,1,2000,2000,1,1,1,0,2048,0,0,7,0,0,0,0,0,0,0,0,'',0,1,13,4,1,1,0,0,1,0,0,'',12340);
< INSERT INTO `creature_template` VALUES (37273,0,0,0,0,0,'Commander Louis Philips (3)','','',0,81,81,0,1214,2,1,1.14286,1,1,20,1,0,1,2000,2000,1,1,1,0,2048,0,0,7,0,0,0,0,0,0,0,0,'',0,1,13,4,1,1,0,0,1,0,0,'',12340);
< INSERT INTO `creature_template` VALUES (37274,0,0,0,0,0,'Commander Malgor (3)','','',0,81,81,0,1214,0,1,1.14286,1,1,20,1,0,1,2000,2000,1,1,1,0,2048,0,0,7,0,0,0,0,0,0,0,0,'',0,1,13,4,1,1,0,0,1,0,0,'',12340);
< INSERT INTO `creature_template` VALUES (37275,0,0,0,0,0,'Commander Mortimer (3)','','',0,81,81,0,1216,0,1,1.14286,1,1,20,1,0,1,2000,2000,1,1,1,0,2048,0,0,7,0,0,0,0,0,0,0,0,'',0,1,13,4,1,1,0,0,1,0,0,'',12340);
< INSERT INTO `creature_template` VALUES (37276,0,0,0,0,0,'Commander Mulfort (3)','','',0,81,81,0,1214,2,1,1.14286,1,1,20,1,0,1,2000,2000,1,1,1,0,2048,0,0,7,0,0,0,0,0,0,0,0,'',0,1,13,4,1,1,0,0,1,0,0,'',12340);
< INSERT INTO `creature_template` VALUES (37277,0,0,0,0,0,'Commander Randolph (3)','','',0,81,81,0,1216,0,1,1.14286,1,1,20,1,0,1,2000,2000,1,1,1,0,2048,0,0,7,0,0,0,0,0,0,0,0,'',0,1,13,4,1,1,0,0,1,0,0,'',12340);
< INSERT INTO `creature_template` VALUES (37278,0,0,0,0,0,'Corporal Noreg Stormpike (3)','','',5081,81,81,2,1216,3,1.78,1.14286,1,1,20,1,0,4.8,2000,2000,1,1,1,4160,2048,0,0,7,0,13447,13447,0,0,0,1667,1667,'',1,1,3.9,1,1,1,0,0,1,0,0,'',12340);
---
> INSERT INTO `creature_template` VALUES (37271,0,0,0,0,0,'Commander Duffy (3)','','',0,81,81,0,1216,2,1,1.14286,1,1,20,1,0,1,2000,2000,1,1,1,0,2048,0,0,7,0,0,0,0,0,0,0,0,'',0,1,13,4,1,1,0,0,1,-386,0,'',12340);
> INSERT INTO `creature_template` VALUES (37272,0,0,0,0,0,'Commander Karl Philips (3)','','',0,81,81,1,1216,2,1,1.14286,1,1,20,1,0,1,2000,2000,1,1,1,0,2048,0,0,7,0,0,0,0,0,0,0,0,'',0,1,13,4,1,1,0,0,1,-386,0,'',12340);
> INSERT INTO `creature_template` VALUES (37273,0,0,0,0,0,'Commander Louis Philips (3)','','',0,81,81,0,1214,2,1,1.14286,1,1,20,1,0,1,2000,2000,1,1,1,0,2048,0,0,7,0,0,0,0,0,0,0,0,'',0,1,13,4,1,1,0,0,1,-386,0,'',12340);
> INSERT INTO `creature_template` VALUES (37274,0,0,0,0,0,'Commander Malgor (3)','','',0,81,81,0,1214,0,1,1.14286,1,1,20,1,0,1,2000,2000,1,1,1,0,2048,0,0,7,0,0,0,0,0,0,0,0,'',0,1,13,4,1,1,0,0,1,-386,0,'',12340);
> INSERT INTO `creature_template` VALUES (37275,0,0,0,0,0,'Commander Mortimer (3)','','',0,81,81,0,1216,0,1,1.14286,1,1,20,1,0,1,2000,2000,1,1,1,0,2048,0,0,7,0,0,0,0,0,0,0,0,'',0,1,13,4,1,1,0,0,1,-386,0,'',12340);
> INSERT INTO `creature_template` VALUES (37276,0,0,0,0,0,'Commander Mulfort (3)','','',0,81,81,0,1214,2,1,1.14286,1,1,20,1,0,1,2000,2000,1,1,1,0,2048,0,0,7,0,0,0,0,0,0,0,0,'',0,1,13,4,1,1,0,0,1,-386,0,'',12340);
> INSERT INTO `creature_template` VALUES (37277,0,0,0,0,0,'Commander Randolph (3)','','',0,81,81,0,1216,0,1,1.14286,1,1,20,1,0,1,2000,2000,1,1,1,0,2048,0,0,7,0,0,0,0,0,0,0,0,'',0,1,13,4,1,1,0,0,1,-386,0,'',12340);
> INSERT INTO `creature_template` VALUES (37278,0,0,0,0,0,'Corporal Noreg Stormpike (3)','','',5081,81,81,2,1216,3,1.78,1.14286,1,1,20,1,0,4.8,2000,2000,1,1,1,4160,2048,0,0,7,0,13447,13447,0,0,0,1667,1667,'',1,1,3.9,1,1,1,0,0,1,-386,0,'',12340);
28598c28598
< INSERT INTO `creature_template` VALUES (37285,0,0,0,0,0,'Dun Baldar North Marshal (3)','','',0,81,81,2,1534,0,1.76,1.14286,1,1,20,1,0,13.8,2000,2000,1,1,1,32768,2048,0,0,7,0,0,0,0,0,0,0,0,'',1,1,26,1,1,1,0,0,1,0,0,'',12340);
---
> INSERT INTO `creature_template` VALUES (37285,0,0,0,0,0,'Dun Baldar North Marshal (3)','','',0,81,81,2,1534,0,1.76,1.14286,1,1,20,1,0,13.8,2000,2000,1,1,1,32768,2048,0,0,7,0,0,0,0,0,0,0,0,'',1,1,26,1,1,1,0,0,1,-406,0,'',12340);
28600,28601c28600,28601
< INSERT INTO `creature_template` VALUES (37287,0,0,0,0,0,'Dun Baldar South Marshal (3)','','',0,81,81,2,1534,0,1.76,1.14286,1,1,20,1,0,13.8,2000,2000,1,1,1,32768,2048,0,0,7,0,14763,0,0,0,0,0,0,'',1,1,26,1,1,1,0,0,1,0,0,'',12340);
< INSERT INTO `creature_template` VALUES (37288,0,0,0,0,0,'Dun Baldar South Warmaster (3)','','',0,80,80,0,1214,0,1,1.14286,1,1,20,1,0,1,2000,2000,1,1,1,0,2048,0,0,7,0,0,0,0,0,0,0,0,'',0,1,26,1,1,1,0,0,1,0,0,'',12340);
---
> INSERT INTO `creature_template` VALUES (37287,0,0,0,0,0,'Dun Baldar South Marshal (3)','','',0,81,81,2,1534,0,1.76,1.14286,1,1,20,1,0,13.8,2000,2000,1,1,1,32768,2048,0,0,7,0,14763,0,0,0,0,0,0,'',1,1,26,1,1,1,0,0,1,-406,0,'',12340);
> INSERT INTO `creature_template` VALUES (37288,0,0,0,0,0,'Dun Baldar South Warmaster (3)','','',0,80,80,0,1214,0,1,1.14286,1,1,20,1,0,1,2000,2000,1,1,1,0,2048,0,0,7,0,0,0,0,0,0,0,0,'',0,1,26,1,1,1,0,0,1,-406,0,'',12340);
28603,28604c28603,28604
< INSERT INTO `creature_template` VALUES (37290,0,0,0,0,0,'East Frostwolf Marshal (3)','','',0,80,80,0,1534,0,1,1.14286,1,1,20,1,0,1,2000,2000,1,1,1,0,2048,0,0,7,0,0,0,0,0,0,0,0,'',0,1,26,1,1,1,0,0,1,0,0,'',12340);
< INSERT INTO `creature_template` VALUES (37291,0,0,0,0,0,'East Frostwolf Warmaster (3)','','',0,81,81,2,1214,0,1.76,1.14286,1,1,20,1,0,51.4,2000,2000,1,1,1,4096,2048,0,0,7,0,14772,0,0,0,0,0,0,'',1,1,26,1,1,1,0,0,1,0,0,'',12340);
---
> INSERT INTO `creature_template` VALUES (37290,0,0,0,0,0,'East Frostwolf Marshal (3)','','',0,80,80,0,1534,0,1,1.14286,1,1,20,1,0,1,2000,2000,1,1,1,0,2048,0,0,7,0,0,0,0,0,0,0,0,'',0,1,26,1,1,1,0,0,1,-406,0,'',12340);
> INSERT INTO `creature_template` VALUES (37291,0,0,0,0,0,'East Frostwolf Warmaster (3)','','',0,81,81,2,1214,0,1.76,1.14286,1,1,20,1,0,51.4,2000,2000,1,1,1,4096,2048,0,0,7,0,14772,0,0,0,0,0,0,'',1,1,26,1,1,1,0,0,1,-406,0,'',12340);
28612c28612
< INSERT INTO `creature_template` VALUES (37299,0,0,0,0,0,'Frostwolf Explosives Expert (3)','','',0,59,59,0,1214,2,1,1.14286,1,1,20,1,0,1,2000,2000,1,1,1,0,2048,0,0,7,0,0,0,0,0,0,0,0,'',0,1,3.25,1,1,1,0,0,1,0,0,'',12340);
---
> INSERT INTO `creature_template` VALUES (37299,0,0,0,0,0,'Frostwolf Explosives Expert (3)','','',0,59,59,0,1214,2,1,1.14286,1,1,20,1,0,1,2000,2000,1,1,1,0,2048,0,0,7,0,0,0,0,0,0,0,0,'',0,1,3.25,1,1,1,0,0,1,-386,0,'',12340);
28616c28616
< INSERT INTO `creature_template` VALUES (37303,0,0,0,0,0,'Frostwolf Mine Layer (3)','','',0,61,61,0,1214,0,1,1.14286,1,1,20,1,0,1,2000,2000,1,1,1,0,2048,0,0,7,0,0,0,0,0,0,0,0,'',0,1,6.5,1,1,1,0,0,1,0,0,'',12340);
---
> INSERT INTO `creature_template` VALUES (37303,0,0,0,0,0,'Frostwolf Mine Layer (3)','','',0,61,61,0,1214,0,1,1.14286,1,1,20,1,0,1,2000,2000,1,1,1,0,2048,0,0,7,0,0,0,0,0,0,0,0,'',0,1,6.5,1,1,1,0,0,1,-386,0,'',12340);
28618c28618
< INSERT INTO `creature_template` VALUES (37305,0,0,0,0,0,'Frostwolf Quartermaster (3)','','',0,80,80,2,1215,130,1.26,1.14286,1,1,20,0,0,1,2000,2000,1,1,1,4096,2048,0,0,7,0,0,0,0,0,0,0,0,'',1,1,13,1,1,1,0,0,1,0,2,'',12340);
---
> INSERT INTO `creature_template` VALUES (37305,0,0,0,0,0,'Frostwolf Quartermaster (3)','','',0,80,80,2,1215,130,1.26,1.14286,1,1,20,0,0,1,2000,2000,1,1,1,4096,2048,0,0,7,0,0,0,0,0,0,0,0,'',1,1,13,1,1,1,0,0,1,-386,2,'',12340);
28622,28623c28622,28623
< INSERT INTO `creature_template` VALUES (37309,0,0,0,0,0,'Frostwolf Shredder Unit (3)','','',0,60,60,0,1214,0,1,1.14286,1,1,20,1,0,1,2000,2000,1,1,1,0,2048,0,0,9,0,0,0,0,0,0,0,0,'',0,1,9.1,2,1,1,0,0,1,0,0,'',12340);
< INSERT INTO `creature_template` VALUES (37310,0,0,0,13616,0,'Frostwolf Stable Master (3)','Stable Master','',9821,80,80,2,1214,4194307,1.78,1.14286,1,1,20,1,0,7.9,1000,2000,1,1,1,0,2048,0,0,7,0,0,0,0,0,0,0,0,'',0,1,19.5,1,1,1,0,0,1,0,0,'',12340);
---
> INSERT INTO `creature_template` VALUES (37309,0,0,0,0,0,'Frostwolf Shredder Unit (3)','','',0,60,60,0,1214,0,1,1.14286,1,1,20,1,0,1,2000,2000,1,1,1,0,2048,0,0,9,0,0,0,0,0,0,0,0,'',0,1,9.1,2,1,1,0,0,1,-93,0,'',12340);
> INSERT INTO `creature_template` VALUES (37310,0,0,0,13616,0,'Frostwolf Stable Master (3)','Stable Master','',9821,80,80,2,1214,4194307,1.78,1.14286,1,1,20,1,0,7.9,1000,2000,1,1,1,0,2048,0,0,7,0,0,0,0,0,0,0,0,'',0,1,19.5,1,1,1,0,0,1,-386,0,'',12340);
28626c28626
< INSERT INTO `creature_template` VALUES (37313,0,0,0,13441,0,'Frostwolf Wolf Rider Commander (3)','','',0,81,81,2,1214,2,1.79,1.14286,1,1,20,1,0,7.4,1000,2000,1,1,1,0,2048,0,0,7,0,0,0,0,0,0,2855,2855,'',0,1,10.4,1,1,1,0,0,1,0,0,'',12340);
---
> INSERT INTO `creature_template` VALUES (37313,0,0,0,13441,0,'Frostwolf Wolf Rider Commander (3)','','',0,81,81,2,1214,2,1.79,1.14286,1,1,20,1,0,7.4,1000,2000,1,1,1,0,2048,0,0,7,0,0,0,0,0,0,2855,2855,'',0,1,10.4,1,1,1,0,0,1,-386,0,'',12340);
28628c28628
< INSERT INTO `creature_template` VALUES (37315,0,0,0,0,0,'Gaelden Hammersmith (3)','Stormpike Supply Officer','',0,81,81,2,1217,4224,1.75,1.14286,1,1,20,1,0,4.4,2000,2000,1,1,1,4160,2048,0,0,7,0,0,0,0,0,0,1662,1662,'',1,1,13,1,1,1,0,0,1,0,2,'',12340);
---
> INSERT INTO `creature_template` VALUES (37315,0,0,0,0,0,'Gaelden Hammersmith (3)','Stormpike Supply Officer','',0,81,81,2,1217,4224,1.75,1.14286,1,1,20,1,0,4.4,2000,2000,1,1,1,4160,2048,0,0,7,0,0,0,0,0,0,1662,1662,'',1,1,13,1,1,1,0,0,1,-386,2,'',12340);
28633,28634c28633,28634
< INSERT INTO `creature_template` VALUES (37320,0,0,0,0,0,'Grunnda Wolfheart (3)','Frostwolf Supply Officer','',0,80,80,2,1215,4224,1.75,1.14286,1,1,20,1,0,4.8,2000,2000,1,1,1,4160,2048,0,0,7,0,13218,0,0,0,0,1561,1561,'',1,1,13,1,1,1,0,0,1,0,2,'',12340);
< INSERT INTO `creature_template` VALUES (37321,0,0,0,0,0,'Guse\'s War Rider (3)','','',0,80,80,0,1214,0,1,1.14286,1,1,20,1,0,1,2000,2000,1,1,1,0,2048,0,0,1,0,0,0,0,0,0,0,0,'',0,1,45.5,1,1,1,0,174,1,0,0,'',12340);
---
> INSERT INTO `creature_template` VALUES (37320,0,0,0,0,0,'Grunnda Wolfheart (3)','Frostwolf Supply Officer','',0,80,80,2,1215,4224,1.75,1.14286,1,1,20,1,0,4.8,2000,2000,1,1,1,4160,2048,0,0,7,0,13218,0,0,0,0,1561,1561,'',1,1,13,1,1,1,0,0,1,-386,2,'',12340);
> INSERT INTO `creature_template` VALUES (37321,0,0,0,0,0,'Guse\'s War Rider (3)','','',0,80,80,0,1214,0,1,1.14286,1,1,20,1,0,1,2000,2000,1,1,1,0,2048,0,0,1,0,0,0,0,0,0,0,0,'',0,1,45.5,1,1,1,0,174,1,-406,0,'',12340);
28636c28636
< INSERT INTO `creature_template` VALUES (37323,0,0,0,13117,0,'Horde Spirit Guide (3)','','',0,81,81,2,83,32768,1,1.14286,1,1,20,1,0,49.1,2000,2000,1,1,2,4930,2048,0,0,7,2,0,0,0,0,0,0,0,'',0,1,13,2,1,1,0,0,1,0,0,'',12340);
---
> INSERT INTO `creature_template` VALUES (37323,0,0,0,13117,0,'Horde Spirit Guide (3)','','',0,81,81,2,83,32768,1,1.14286,1,1,20,1,0,49.1,2000,2000,1,1,2,4930,2048,0,0,7,2,0,0,0,0,0,0,0,'',0,1,13,2,1,1,0,0,1,-421,0,'',12340);
28638,28642c28638,28642
< INSERT INTO `creature_template` VALUES (37325,0,0,0,0,0,'Iceblood Marshal (3)','','',0,80,80,0,1534,0,1,1.14286,1,1,20,1,0,1,2000,2000,1,1,1,0,2048,0,0,7,0,0,0,0,0,0,0,0,'',0,1,26,1,1,1,0,0,1,0,0,'',12340);
< INSERT INTO `creature_template` VALUES (37326,0,0,0,0,0,'Iceblood Warmaster (3)','','',0,81,81,2,1214,0,1.76,1.14286,1,1,20,1,0,51.4,2000,2000,1,1,1,4096,2048,0,0,7,0,0,0,0,0,0,0,0,'',1,1,26,1,1,1,0,0,1,0,0,'',12340);
< INSERT INTO `creature_template` VALUES (37327,0,0,0,0,0,'Icewing Marshal (3)','','',0,81,81,2,1534,0,1.76,1.14286,1,1,20,1,0,13.8,2000,2000,1,1,1,0,2048,0,0,7,0,0,0,0,0,0,0,0,'',1,1,26,1,1,1,0,0,1,0,0,'',12340);
< INSERT INTO `creature_template` VALUES (37328,0,0,0,0,0,'Icewing Warmaster (3)','','',0,80,80,0,1214,0,1,1.14286,1,1,20,1,0,1,2000,2000,1,1,1,0,2048,0,0,7,0,0,0,0,0,0,0,0,'',0,1,26,1,1,1,0,0,1,0,0,'',12340);
< INSERT INTO `creature_template` VALUES (37329,0,0,0,0,0,'Ichman\'s Gryphon (3)','','',0,80,80,0,1216,0,1,1.14286,1,1,20,1,0,1,2000,2000,1,1,1,0,2048,0,0,1,0,0,0,0,0,0,0,0,'',0,1,45.5,1,1,1,0,174,1,0,0,'',12340);
---
> INSERT INTO `creature_template` VALUES (37325,0,0,0,0,0,'Iceblood Marshal (3)','','',0,80,80,0,1534,0,1,1.14286,1,1,20,1,0,1,2000,2000,1,1,1,0,2048,0,0,7,0,0,0,0,0,0,0,0,'',0,1,26,1,1,1,0,0,1,-406,0,'',12340);
> INSERT INTO `creature_template` VALUES (37326,0,0,0,0,0,'Iceblood Warmaster (3)','','',0,81,81,2,1214,0,1.76,1.14286,1,1,20,1,0,51.4,2000,2000,1,1,1,4096,2048,0,0,7,0,0,0,0,0,0,0,0,'',1,1,26,1,1,1,0,0,1,-406,0,'',12340);
> INSERT INTO `creature_template` VALUES (37327,0,0,0,0,0,'Icewing Marshal (3)','','',0,81,81,2,1534,0,1.76,1.14286,1,1,20,1,0,13.8,2000,2000,1,1,1,0,2048,0,0,7,0,0,0,0,0,0,0,0,'',1,1,26,1,1,1,0,0,1,-406,0,'',12340);
> INSERT INTO `creature_template` VALUES (37328,0,0,0,0,0,'Icewing Warmaster (3)','','',0,80,80,0,1214,0,1,1.14286,1,1,20,1,0,1,2000,2000,1,1,1,0,2048,0,0,7,0,0,0,0,0,0,0,0,'',0,1,26,1,1,1,0,0,1,-406,0,'',12340);
> INSERT INTO `creature_template` VALUES (37329,0,0,0,0,0,'Ichman\'s Gryphon (3)','','',0,80,80,0,1216,0,1,1.14286,1,1,20,1,0,1,2000,2000,1,1,1,0,2048,0,0,1,0,0,0,0,0,0,0,0,'',0,1,45.5,1,1,1,0,174,1,-406,0,'',12340);
28654c28654
< INSERT INTO `creature_template` VALUES (37341,0,0,0,0,0,'Ivus the Forest Lord (3)','','',0,83,83,0,1594,0,4,2.14286,1,1,20,1,0,1,2000,2000,1,1,1,0,2048,0,0,7,8,0,0,0,0,0,0,0,'',0,1,65,15,1,1,0,196,1,0,0,'',12340);
---
> INSERT INTO `creature_template` VALUES (37341,0,0,0,0,0,'Ivus the Forest Lord (3)','','',0,83,83,0,1594,0,4,2.14286,1,1,20,1,0,1,2000,2000,1,1,1,0,2048,0,0,7,8,0,0,0,0,0,0,0,'',0,1,65,15,1,1,0,196,1,-273,0,'',12340);
28656c28656
< INSERT INTO `creature_template` VALUES (37343,0,0,0,0,0,'Jeztor\'s War Rider (3)','','',0,80,80,0,1214,0,1,1.14286,1,1,20,1,0,1,2000,2000,1,1,1,0,2048,0,0,1,0,0,0,0,0,0,0,0,'',0,1,45.5,1,1,1,0,174,1,0,0,'',12340);
---
> INSERT INTO `creature_template` VALUES (37343,0,0,0,0,0,'Jeztor\'s War Rider (3)','','',0,80,80,0,1214,0,1,1.14286,1,1,20,1,0,1,2000,2000,1,1,1,0,2048,0,0,1,0,0,0,0,0,0,0,0,'',0,1,45.5,1,1,1,0,174,1,-406,0,'',12340);
28658,28660c28658,28660
< INSERT INTO `creature_template` VALUES (37345,0,0,0,0,0,'Jotek (3)','','',0,81,81,2,1214,2,1.8,1.14286,1,1,20,1,0,7.7,2000,2000,1,1,1,4160,2048,0,0,7,0,13798,0,0,0,0,598,598,'',1,1,4.81,1,1,1,0,0,1,0,0,'',12340);
< INSERT INTO `creature_template` VALUES (37346,0,0,0,0,0,'Keetar (3)','','',0,80,80,2,1214,2,1.76,1.14286,1,1,20,0,0,1.1,2000,2000,1,1,1,0,2048,0,0,7,0,13079,0,0,0,0,175,175,'',0,1,1.3,1,1,1,0,0,1,0,0,'',12340);
< INSERT INTO `creature_template` VALUES (37347,0,0,0,0,0,'Korrak the Bloodrager (3)','','',0,82,82,0,37,0,1,1.14286,1,1,20,1,0,1,2000,2000,1,1,1,0,2048,0,0,7,0,0,0,0,0,0,0,0,'',0,1,45.5,1,1,1,0,0,1,0,0,'',12340);
---
> INSERT INTO `creature_template` VALUES (37345,0,0,0,0,0,'Jotek (3)','','',0,81,81,2,1214,2,1.8,1.14286,1,1,20,1,0,7.7,2000,2000,1,1,1,4160,2048,0,0,7,0,13798,0,0,0,0,598,598,'',1,1,4.81,1,1,1,0,0,1,-386,0,'',12340);
> INSERT INTO `creature_template` VALUES (37346,0,0,0,0,0,'Keetar (3)','','',0,80,80,2,1214,2,1.76,1.14286,1,1,20,0,0,1.1,2000,2000,1,1,1,0,2048,0,0,7,0,13079,0,0,0,0,175,175,'',0,1,1.3,1,1,1,0,0,1,-386,0,'',12340);
> INSERT INTO `creature_template` VALUES (37347,0,0,0,0,0,'Korrak the Bloodrager (3)','','',0,82,82,0,37,0,1,1.14286,1,1,20,1,0,1,2000,2000,1,1,1,0,2048,0,0,7,0,0,0,0,0,0,0,0,'',0,1,45.5,1,1,1,0,0,1,-406,0,'',12340);
28663,28664c28663,28664
< INSERT INTO `creature_template` VALUES (37350,0,0,0,0,0,'Lieutenant Greywand (3)','','',0,79,79,0,1216,0,1,1.14286,1,1,20,1,0,1,2000,2000,1,1,1,0,2048,0,0,7,0,0,0,0,0,0,0,0,'',0,1,10.4,4,1,1,0,0,1,0,0,'',12340);
< INSERT INTO `creature_template` VALUES (37351,0,0,0,0,0,'Lieutenant Grummus (3)','','',0,79,79,0,1214,0,1,1.14286,1,1,20,1,0,1,2000,2000,1,1,1,0,2048,0,0,6,0,0,0,0,0,0,0,0,'',0,1,10.4,4,1,1,0,0,1,-93,0,'',12340);
---
> INSERT INTO `creature_template` VALUES (37350,0,0,0,0,0,'Lieutenant Greywand (3)','','',0,79,79,0,1216,0,1,1.14286,1,1,20,1,0,1,2000,2000,1,1,1,0,2048,0,0,7,0,0,0,0,0,0,0,0,'',0,1,10.4,4,1,1,0,0,1,-386,0,'',12340);
> INSERT INTO `creature_template` VALUES (37351,0,0,0,0,0,'Lieutenant Grummus (3)','','',0,79,79,0,1214,0,1,1.14286,1,1,20,1,0,1,2000,2000,1,1,1,0,2048,0,0,6,0,0,0,0,0,0,0,0,'',0,1,10.4,4,1,1,0,0,1,-386,0,'',12340);
28666,28669c28666,28669
< INSERT INTO `creature_template` VALUES (37353,0,0,0,0,0,'Lieutenant Largent (3)','','',0,79,79,1,1216,0,1,1.14286,1,1,20,1,0,1,2000,2000,1,1,1,0,2048,0,0,7,0,0,0,0,0,0,0,0,'',0,1,10.4,4,1,1,0,0,1,0,0,'',12340);
< INSERT INTO `creature_template` VALUES (37354,0,0,0,0,0,'Lieutenant Lewis (3)','','',0,79,79,0,1214,0,1,1.14286,1,1,20,1,0,1,2000,2000,1,1,1,0,2048,0,0,7,0,0,0,0,0,0,0,0,'',0,1,10.4,4,1,1,0,0,1,0,0,'',12340);
< INSERT INTO `creature_template` VALUES (37355,0,0,0,0,0,'Lieutenant Lonadin (3)','','',0,79,79,0,1216,0,1,1.14286,1,1,20,1,0,1,2000,2000,1,1,1,0,2048,0,0,7,0,0,0,0,0,0,0,0,'',0,1,10.4,4,1,1,0,0,1,0,0,'',12340);
< INSERT INTO `creature_template` VALUES (37356,0,0,0,0,0,'Lieutenant Mancuso (3)','','',0,79,79,0,1216,0,1,1.14286,1,1,20,1,0,1,2000,2000,1,1,1,0,2048,0,0,7,0,0,0,0,0,0,0,0,'',0,1,10.4,4,1,1,0,0,1,0,0,'',12340);
---
> INSERT INTO `creature_template` VALUES (37353,0,0,0,0,0,'Lieutenant Largent (3)','','',0,79,79,1,1216,0,1,1.14286,1,1,20,1,0,1,2000,2000,1,1,1,0,2048,0,0,7,0,0,0,0,0,0,0,0,'',0,1,10.4,4,1,1,0,0,1,-386,0,'',12340);
> INSERT INTO `creature_template` VALUES (37354,0,0,0,0,0,'Lieutenant Lewis (3)','','',0,79,79,0,1214,0,1,1.14286,1,1,20,1,0,1,2000,2000,1,1,1,0,2048,0,0,7,0,0,0,0,0,0,0,0,'',0,1,10.4,4,1,1,0,0,1,-386,0,'',12340);
> INSERT INTO `creature_template` VALUES (37355,0,0,0,0,0,'Lieutenant Lonadin (3)','','',0,79,79,0,1216,0,1,1.14286,1,1,20,1,0,1,2000,2000,1,1,1,0,2048,0,0,7,0,0,0,0,0,0,0,0,'',0,1,10.4,4,1,1,0,0,1,-386,0,'',12340);
> INSERT INTO `creature_template` VALUES (37356,0,0,0,0,0,'Lieutenant Mancuso (3)','','',0,79,79,0,1216,0,1,1.14286,1,1,20,1,0,1,2000,2000,1,1,1,0,2048,0,0,7,0,0,0,0,0,0,0,0,'',0,1,10.4,4,1,1,0,0,1,-386,0,'',12340);
28671,28677c28671,28677
< INSERT INTO `creature_template` VALUES (37358,0,0,0,0,0,'Lieutenant Rugba (3)','','',0,79,79,0,1214,0,1,1.14286,1,1,20,1,0,1,2000,2000,1,1,1,0,2048,0,0,7,0,0,0,0,0,0,0,0,'',0,1,10.4,4,1,1,0,0,1,0,0,'',12340);
< INSERT INTO `creature_template` VALUES (37359,0,0,0,0,0,'Lieutenant Spencer (3)','','',0,79,79,0,1216,0,1,1.14286,1,1,20,1,0,1,2000,2000,1,1,1,0,2048,0,0,7,0,0,0,0,0,0,0,0,'',0,1,10.4,4,1,1,0,0,1,0,0,'',12340);
< INSERT INTO `creature_template` VALUES (37360,0,0,0,0,0,'Lieutenant Stouthandle (3)','','',0,79,79,0,1216,0,1,1.14286,1,1,20,1,0,1,2000,2000,1,1,1,0,2048,0,0,7,0,0,0,0,0,0,0,0,'',0,1,10.4,4,1,1,0,0,1,0,0,'',12340);
< INSERT INTO `creature_template` VALUES (37361,0,0,0,0,0,'Lieutenant Stronghoof (3)','','',0,79,79,0,1214,0,1,1.14286,1,1,20,1,0,1,2000,2000,1,1,1,0,2048,0,0,7,0,0,0,0,0,0,0,0,'',0,1,10.4,4,1,1,0,0,1,0,0,'',12340);
< INSERT INTO `creature_template` VALUES (37362,0,0,0,0,0,'Lieutenant Vol\'talar (3)','','',0,79,79,0,1214,0,1,1.14286,1,1,20,1,0,1,2000,2000,1,1,1,0,2048,0,0,7,0,0,0,0,0,0,0,0,'',0,1,10.4,4,1,1,0,0,1,0,0,'',12340);
< INSERT INTO `creature_template` VALUES (37363,0,0,0,0,0,'Lokholar the Ice Lord (3)','','',0,81,81,0,1214,2,1,1.14286,1,1,20,1,0,1,2000,2000,1,1,2,0,2048,0,0,4,8,0,0,0,0,0,0,0,'',0,1,65,8,1,1,0,196,1,0,0,'',12340);
< INSERT INTO `creature_template` VALUES (37364,0,0,0,0,0,'Masha Swiftcut (3)','','',0,80,80,2,1214,2,1.76,1.14286,1,1,20,0,0,1.1,2000,2000,1,1,1,0,2048,0,0,7,0,13088,0,0,0,0,278,278,'',1,1,1.3,1,1,1,0,0,1,0,0,'',12340);
---
> INSERT INTO `creature_template` VALUES (37358,0,0,0,0,0,'Lieutenant Rugba (3)','','',0,79,79,0,1214,0,1,1.14286,1,1,20,1,0,1,2000,2000,1,1,1,0,2048,0,0,7,0,0,0,0,0,0,0,0,'',0,1,10.4,4,1,1,0,0,1,-386,0,'',12340);
> INSERT INTO `creature_template` VALUES (37359,0,0,0,0,0,'Lieutenant Spencer (3)','','',0,79,79,0,1216,0,1,1.14286,1,1,20,1,0,1,2000,2000,1,1,1,0,2048,0,0,7,0,0,0,0,0,0,0,0,'',0,1,10.4,4,1,1,0,0,1,-386,0,'',12340);
> INSERT INTO `creature_template` VALUES (37360,0,0,0,0,0,'Lieutenant Stouthandle (3)','','',0,79,79,0,1216,0,1,1.14286,1,1,20,1,0,1,2000,2000,1,1,1,0,2048,0,0,7,0,0,0,0,0,0,0,0,'',0,1,10.4,4,1,1,0,0,1,-386,0,'',12340);
> INSERT INTO `creature_template` VALUES (37361,0,0,0,0,0,'Lieutenant Stronghoof (3)','','',0,79,79,0,1214,0,1,1.14286,1,1,20,1,0,1,2000,2000,1,1,1,0,2048,0,0,7,0,0,0,0,0,0,0,0,'',0,1,10.4,4,1,1,0,0,1,-386,0,'',12340);
> INSERT INTO `creature_template` VALUES (37362,0,0,0,0,0,'Lieutenant Vol\'talar (3)','','',0,79,79,0,1214,0,1,1.14286,1,1,20,1,0,1,2000,2000,1,1,1,0,2048,0,0,7,0,0,0,0,0,0,0,0,'',0,1,10.4,4,1,1,0,0,1,-386,0,'',12340);
> INSERT INTO `creature_template` VALUES (37363,0,0,0,0,0,'Lokholar the Ice Lord (3)','','',0,81,81,0,1214,2,1,1.14286,1,1,20,1,0,1,2000,2000,1,1,2,0,2048,0,0,4,8,0,0,0,0,0,0,0,'',0,1,65,8,1,1,0,196,1,-273,0,'',12340);
> INSERT INTO `creature_template` VALUES (37364,0,0,0,0,0,'Masha Swiftcut (3)','','',0,80,80,2,1214,2,1.76,1.14286,1,1,20,0,0,1.1,2000,2000,1,1,1,0,2048,0,0,7,0,13088,0,0,0,0,278,278,'',1,1,1.3,1,1,1,0,0,1,-386,0,'',12340);
28679,28680c28679,28680
< INSERT INTO `creature_template` VALUES (37366,0,0,0,0,0,'Morloch (3)','','',0,80,80,2,59,0,1.77,1.14286,1,1,20,0,0,1.2,2000,2000,1,1,2,512,2048,0,0,7,0,11657,11657,0,0,0,111,111,'',1,1,1.3,2,1,1,0,0,1,0,0,'',12340);
< INSERT INTO `creature_template` VALUES (37367,0,0,0,0,0,'Mountaineer Boombellow (3)','','',0,81,81,2,1216,2,1.8,1.14286,1,1,20,1,0,3.2,2000,2000,1,1,1,0,2048,0,0,7,0,13797,0,0,0,0,1828,1828,'',1,1,4.81,1,1,1,0,0,1,0,0,'',12340);
---
> INSERT INTO `creature_template` VALUES (37366,0,0,0,0,0,'Morloch (3)','','',0,80,80,2,59,0,1.77,1.14286,1,1,20,0,0,1.2,2000,2000,1,1,2,512,2048,0,0,7,0,11657,11657,0,0,0,111,111,'',1,1,1.3,2,1,1,0,0,1,-386,0,'',12340);
> INSERT INTO `creature_template` VALUES (37367,0,0,0,0,0,'Mountaineer Boombellow (3)','','',0,81,81,2,1216,2,1.8,1.14286,1,1,20,1,0,3.2,2000,2000,1,1,1,0,2048,0,0,7,0,13797,0,0,0,0,1828,1828,'',1,1,4.81,1,1,1,0,0,1,-386,0,'',12340);
28682c28682
< INSERT INTO `creature_template` VALUES (37369,0,0,0,0,0,'Murgot Deepforge (3)','','',5021,81,81,2,1216,3,1.79,1.14286,1,1,20,1,0,7.5,2000,2000,1,1,1,4096,2048,0,0,7,0,13257,0,0,0,0,639,639,'',1,1,13,1,1,1,0,0,1,0,0,'',12340);
---
> INSERT INTO `creature_template` VALUES (37369,0,0,0,0,0,'Murgot Deepforge (3)','','',5021,81,81,2,1216,3,1.79,1.14286,1,1,20,1,0,7.5,2000,2000,1,1,1,4096,2048,0,0,7,0,13257,0,0,0,0,639,639,'',1,1,13,1,1,1,0,0,1,-386,0,'',12340);
28684c28684
< INSERT INTO `creature_template` VALUES (37371,0,0,0,0,0,'Primalist Thurloga (3)','','',0,81,81,2,1214,2,1.79,1.14286,1,1,20,1,0,8.1,2000,2000,1,1,2,4160,2048,0,0,7,0,13236,0,0,0,0,1854,1854,'',1,1,15.6,12,1,1,0,180,1,0,0,'',12340);
---
> INSERT INTO `creature_template` VALUES (37371,0,0,0,0,0,'Primalist Thurloga (3)','','',0,81,81,2,1214,2,1.79,1.14286,1,1,20,1,0,8.1,2000,2000,1,1,2,4160,2048,0,0,7,0,13236,0,0,0,0,1854,1854,'',1,1,15.6,12,1,1,0,180,1,-386,0,'',12340);
28714c28714
< INSERT INTO `creature_template` VALUES (37401,0,0,0,0,0,'Smith Regzar (3)','','',5124,81,81,2,1215,3,1.79,1.14286,1,1,20,1,0,7.5,2000,2000,1,1,1,4160,2048,0,0,7,0,13176,0,0,0,0,1910,1910,'',1,1,13,1,1,1,0,0,1,0,0,'',12340);
---
> INSERT INTO `creature_template` VALUES (37401,0,0,0,0,0,'Smith Regzar (3)','','',5124,81,81,2,1215,3,1.79,1.14286,1,1,20,1,0,7.5,2000,2000,1,1,1,4160,2048,0,0,7,0,13176,0,0,0,0,1910,1910,'',1,1,13,1,1,1,0,0,1,-386,0,'',12340);
28720,28721c28720,28721
< INSERT INTO `creature_template` VALUES (37407,0,0,0,0,0,'Stonehearth Marshal (3)','','',0,81,81,2,1534,0,1.76,1.14286,1,1,20,1,0,13.8,2000,2000,1,1,1,0,2048,0,0,7,0,14765,0,0,0,0,0,0,'',1,1,26,1,1,1,0,0,1,0,0,'',12340);
< INSERT INTO `creature_template` VALUES (37408,0,0,0,0,0,'Stonehearth Warmaster (3)','','',0,80,80,0,1214,0,1,1.14286,1,1,20,1,0,1,2000,2000,1,1,1,0,2048,0,0,7,0,0,0,0,0,0,0,0,'',0,1,26,1,1,1,0,0,1,0,0,'',12340);
---
> INSERT INTO `creature_template` VALUES (37407,0,0,0,0,0,'Stonehearth Marshal (3)','','',0,81,81,2,1534,0,1.76,1.14286,1,1,20,1,0,13.8,2000,2000,1,1,1,0,2048,0,0,7,0,14765,0,0,0,0,0,0,'',1,1,26,1,1,1,0,0,1,-406,0,'',12340);
> INSERT INTO `creature_template` VALUES (37408,0,0,0,0,0,'Stonehearth Warmaster (3)','','',0,80,80,0,1214,0,1,1.14286,1,1,20,1,0,1,2000,2000,1,1,1,0,2048,0,0,7,0,0,0,0,0,0,0,0,'',0,1,26,1,1,1,0,0,1,-406,0,'',12340);
28727c28727
< INSERT INTO `creature_template` VALUES (37414,0,0,0,0,0,'Stormpike Explosives Expert (3)','','',0,60,60,0,1216,2,1,1.14286,1,1,20,1,0,1,2000,2000,1,1,1,0,2048,0,0,7,0,0,0,0,0,0,0,0,'',0,1,3.25,1,1,1,0,0,1,0,0,'',12340);
---
> INSERT INTO `creature_template` VALUES (37414,0,0,0,0,0,'Stormpike Explosives Expert (3)','','',0,60,60,0,1216,2,1,1.14286,1,1,20,1,0,1,2000,2000,1,1,1,0,2048,0,0,7,0,0,0,0,0,0,0,0,'',0,1,3.25,1,1,1,0,0,1,-386,0,'',12340);
28730c28730
< INSERT INTO `creature_template` VALUES (37417,0,0,0,0,0,'Stormpike Mine Layer (3)','','',0,81,81,0,1216,0,1,1.14286,1,1,20,1,0,1,2000,2000,1,1,1,0,2048,0,0,7,0,0,0,0,0,0,0,0,'',0,1,6.5,1,1,1,0,0,1,0,0,'',12340);
---
> INSERT INTO `creature_template` VALUES (37417,0,0,0,0,0,'Stormpike Mine Layer (3)','','',0,81,81,0,1216,0,1,1.14286,1,1,20,1,0,1,2000,2000,1,1,1,0,2048,0,0,7,0,0,0,0,0,0,0,0,'',0,1,6.5,1,1,1,0,0,1,-386,0,'',12340);
28733c28733
< INSERT INTO `creature_template` VALUES (37420,0,0,0,0,0,'Stormpike Quartermaster (3)','','',5241,80,80,2,1217,131,1.26,1.14286,1,1,20,0,0,1,2000,2000,1,1,1,4096,2048,0,0,7,0,0,0,0,0,0,150,150,'',1,1,13,1,1,1,0,0,1,0,2,'',12340);
---
> INSERT INTO `creature_template` VALUES (37420,0,0,0,0,0,'Stormpike Quartermaster (3)','','',5241,80,80,2,1217,131,1.26,1.14286,1,1,20,0,0,1,2000,2000,1,1,1,4096,2048,0,0,7,0,0,0,0,0,0,150,150,'',1,1,13,1,1,1,0,0,1,-386,2,'',12340);
28735c28735
< INSERT INTO `creature_template` VALUES (37422,0,0,0,0,0,'Stormpike Ram Rider Commander (3)','','',5281,81,81,2,1216,3,1.79,1.14286,1,1,20,1,0,8.2,2000,2000,1,1,1,4160,2048,0,0,7,0,13577,0,0,0,0,1713,1713,'',1,1,10.4,1,1,1,0,0,1,0,0,'',12340);
---
> INSERT INTO `creature_template` VALUES (37422,0,0,0,0,0,'Stormpike Ram Rider Commander (3)','','',5281,81,81,2,1216,3,1.79,1.14286,1,1,20,1,0,8.2,2000,2000,1,1,1,4160,2048,0,0,7,0,13577,0,0,0,0,1713,1713,'',1,1,10.4,1,1,1,0,0,1,-386,0,'',12340);
28738,28739c28738,28739
< INSERT INTO `creature_template` VALUES (37425,0,0,0,0,0,'Stormpike Shredder Unit (3)','','',0,60,60,0,1216,0,1,1.14286,1,1,20,1,0,1,2000,2000,1,1,1,0,2048,0,0,9,0,0,0,0,0,0,0,0,'',0,1,9.1,2,1,1,0,0,1,0,0,'',12340);
< INSERT INTO `creature_template` VALUES (37426,0,0,0,0,0,'Stormpike Stable Master (3)','Stable Master','',5283,81,81,2,1216,4194307,1.78,1.14286,1,1,20,1,0,7.3,2000,2000,1,1,1,4160,2048,0,0,7,0,13617,0,0,0,0,632,632,'',1,1,19.5,1,1,1,0,0,1,0,0,'',12340);
---
> INSERT INTO `creature_template` VALUES (37425,0,0,0,0,0,'Stormpike Shredder Unit (3)','','',0,60,60,0,1216,0,1,1.14286,1,1,20,1,0,1,2000,2000,1,1,1,0,2048,0,0,9,0,0,0,0,0,0,0,0,'',0,1,9.1,2,1,1,0,0,1,-93,0,'',12340);
> INSERT INTO `creature_template` VALUES (37426,0,0,0,0,0,'Stormpike Stable Master (3)','Stable Master','',5283,81,81,2,1216,4194307,1.78,1.14286,1,1,20,1,0,7.3,2000,2000,1,1,1,4160,2048,0,0,7,0,13617,0,0,0,0,632,632,'',1,1,19.5,1,1,1,0,0,1,-386,0,'',12340);
28744c28744
< INSERT INTO `creature_template` VALUES (37431,0,0,0,0,0,'Taskmaster Snivvle (3)','','',0,80,80,2,26,0,1.76,1.14286,1,1,20,0,0,1.2,2000,2000,1,1,2,0,2048,0,0,7,0,11677,11677,0,0,0,254,254,'',1,1,1.3,1,1,1,0,0,1,0,0,'',12340);
---
> INSERT INTO `creature_template` VALUES (37431,0,0,0,0,0,'Taskmaster Snivvle (3)','','',0,80,80,2,26,0,1.76,1.14286,1,1,20,0,0,1.2,2000,2000,1,1,2,0,2048,0,0,7,0,11677,11677,0,0,0,254,254,'',1,1,1.3,1,1,1,0,0,1,-386,0,'',12340);
28747,28748c28747,28748
< INSERT INTO `creature_template` VALUES (37434,0,0,0,0,0,'Tower Point Marshal (3)','','',0,80,80,0,1534,0,1,1.14286,1,1,20,1,0,1,2000,2000,1,1,1,0,2048,0,0,7,0,0,0,0,0,0,0,0,'',0,1,26,1,1,1,0,0,1,0,0,'',12340);
< INSERT INTO `creature_template` VALUES (37435,0,0,0,0,0,'Tower Point Warmaster (3)','','',0,81,81,2,1214,0,1.76,1.14286,1,1,20,1,0,51.4,2000,2000,1,1,1,4096,2048,0,0,7,0,0,0,0,0,0,150,150,'',1,1,26,1,1,1,0,0,1,0,0,'',12340);
---
> INSERT INTO `creature_template` VALUES (37434,0,0,0,0,0,'Tower Point Marshal (3)','','',0,80,80,0,1534,0,1,1.14286,1,1,20,1,0,1,2000,2000,1,1,1,0,2048,0,0,7,0,0,0,0,0,0,0,0,'',0,1,26,1,1,1,0,0,1,-406,0,'',12340);
> INSERT INTO `creature_template` VALUES (37435,0,0,0,0,0,'Tower Point Warmaster (3)','','',0,81,81,2,1214,0,1.76,1.14286,1,1,20,1,0,51.4,2000,2000,1,1,1,4096,2048,0,0,7,0,0,0,0,0,0,150,150,'',1,1,26,1,1,1,0,0,1,-406,0,'',12340);
28755c28755
< INSERT INTO `creature_template` VALUES (37442,0,0,0,0,0,'Umi Thorson (3)','','',0,80,80,2,1216,0,1.77,1.14286,1,1,20,0,0,1.1,2000,2000,1,1,1,4096,2048,0,0,7,0,13078,0,0,0,0,117,117,'',0,1,1.3,1,1,1,0,0,1,0,0,'',12340);
---
> INSERT INTO `creature_template` VALUES (37442,0,0,0,0,0,'Umi Thorson (3)','','',0,80,80,2,1216,0,1.77,1.14286,1,1,20,0,0,1.1,2000,2000,1,1,1,4096,2048,0,0,7,0,13078,0,0,0,0,117,117,'',0,1,1.3,1,1,1,0,0,1,-386,0,'',12340);
28777c28777
< INSERT INTO `creature_template` VALUES (37464,0,0,0,0,0,'Vipore\'s Gryphon (3)','','',0,80,80,0,1216,0,1,1.14286,1,1,20,1,0,1,2000,2000,1,1,1,0,2048,0,0,1,0,0,0,0,0,0,0,0,'',0,1,45.5,1,1,1,0,174,1,0,0,'',12340);
---
> INSERT INTO `creature_template` VALUES (37464,0,0,0,0,0,'Vipore\'s Gryphon (3)','','',0,80,80,0,1216,0,1,1.14286,1,1,20,1,0,1,2000,2000,1,1,1,0,2048,0,0,1,0,0,0,0,0,0,0,0,'',0,1,45.5,1,1,1,0,174,1,-406,0,'',12340);
28780,28781c28780,28781
< INSERT INTO `creature_template` VALUES (37467,0,0,0,0,0,'West Frostwolf Marshal (3)','','',0,80,80,0,1534,0,1,1.14286,1,1,20,1,0,1,2000,2000,1,1,1,0,2048,0,0,7,0,0,0,0,0,0,0,0,'',0,1,25,1,1,1,0,0,1,0,0,'',12340);
< INSERT INTO `creature_template` VALUES (37468,0,0,0,0,0,'West Frostwolf Warmaster (3)','','',0,81,81,2,1214,0,1.76,1.14286,1,1,20,1,0,51.4,2000,2000,1,1,1,4096,2048,0,0,7,0,14777,0,0,0,0,0,0,'',1,1,25,1,1,1,0,0,1,0,0,'',12340);
---
> INSERT INTO `creature_template` VALUES (37467,0,0,0,0,0,'West Frostwolf Marshal (3)','','',0,80,80,0,1534,0,1,1.14286,1,1,20,1,0,1,2000,2000,1,1,1,0,2048,0,0,7,0,0,0,0,0,0,0,0,'',0,1,25,1,1,1,0,0,1,-406,0,'',12340);
> INSERT INTO `creature_template` VALUES (37468,0,0,0,0,0,'West Frostwolf Warmaster (3)','','',0,81,81,2,1214,0,1.76,1.14286,1,1,20,1,0,51.4,2000,2000,1,1,1,4096,2048,0,0,7,0,14777,0,0,0,0,0,0,'',1,1,25,1,1,1,0,0,1,-406,0,'',12340);
28792,28797c28792,28797
< INSERT INTO `creature_template` VALUES (37479,0,0,0,0,0,'Wing Commander Guse (3)','','',0,81,81,2,1215,2,1.77,1.14286,1,1,20,1,0,4.7,2000,2000,1,1,1,4928,2048,0,0,7,0,13179,13179,0,0,0,1714,1714,'',1,1,12.5,1,1,1,0,0,1,0,2,'',12340);
< INSERT INTO `creature_template` VALUES (37480,0,0,0,13437,0,'Wing Commander Ichman (3)','','',5146,81,81,2,1217,3,1,1.14286,1,1,20,1,0,6.9,1000,2000,1,1,1,4928,2048,0,0,7,0,0,0,0,0,0,1813,1813,'',0,1,10,1,1,1,0,0,1,0,0,'',12340);
< INSERT INTO `creature_template` VALUES (37481,0,0,0,13180,0,'Wing Commander Jeztor (3)','','',0,81,81,2,1215,2,1,1.14286,1,1,20,1,0,4.4,1000,2000,1,1,1,4096,2048,0,0,7,0,0,0,0,0,0,1758,1758,'',0,1,15,1,1,1,0,0,1,0,0,'',12340);
< INSERT INTO `creature_template` VALUES (37482,0,0,0,0,0,'Wing Commander Mulverick (3)','','',0,80,80,0,1215,2,1,1.14286,1,1,20,1,0,1,2000,2000,1,1,1,0,2048,0,0,7,0,0,0,0,0,0,0,0,'',0,1,15,1,1,1,0,0,1,0,0,'',12340);
< INSERT INTO `creature_template` VALUES (37483,0,0,0,0,0,'Wing Commander Slidore (3)','','',0,81,81,2,1217,2,1.77,1.14286,1,1,20,1,0,4.8,2000,2000,1,1,1,4160,2048,0,0,7,0,13438,0,0,0,0,1586,1586,'',1,1,12.5,1,1,1,0,0,1,0,2,'',12340);
< INSERT INTO `creature_template` VALUES (37484,0,0,0,13439,0,'Wing Commander Vipore (3)','','',5147,81,81,2,1217,3,1,1.14286,1,1,20,1,0,4.5,1000,2000,1,1,1,4608,2048,0,0,7,0,0,0,0,0,0,1645,1645,'',0,1,12.5,1,1,1,0,0,1,0,0,'',12340);
---
> INSERT INTO `creature_template` VALUES (37479,0,0,0,0,0,'Wing Commander Guse (3)','','',0,81,81,2,1215,2,1.77,1.14286,1,1,20,1,0,4.7,2000,2000,1,1,1,4928,2048,0,0,7,0,13179,13179,0,0,0,1714,1714,'',1,1,12.5,1,1,1,0,0,1,-386,2,'',12340);
> INSERT INTO `creature_template` VALUES (37480,0,0,0,13437,0,'Wing Commander Ichman (3)','','',5146,81,81,2,1217,3,1,1.14286,1,1,20,1,0,6.9,1000,2000,1,1,1,4928,2048,0,0,7,0,0,0,0,0,0,1813,1813,'',0,1,10,1,1,1,0,0,1,-386,0,'',12340);
> INSERT INTO `creature_template` VALUES (37481,0,0,0,13180,0,'Wing Commander Jeztor (3)','','',0,81,81,2,1215,2,1,1.14286,1,1,20,1,0,4.4,1000,2000,1,1,1,4096,2048,0,0,7,0,0,0,0,0,0,1758,1758,'',0,1,15,1,1,1,0,0,1,-386,0,'',12340);
> INSERT INTO `creature_template` VALUES (37482,0,0,0,0,0,'Wing Commander Mulverick (3)','','',0,80,80,0,1215,2,1,1.14286,1,1,20,1,0,1,2000,2000,1,1,1,0,2048,0,0,7,0,0,0,0,0,0,0,0,'',0,1,15,1,1,1,0,0,1,-386,0,'',12340);
> INSERT INTO `creature_template` VALUES (37483,0,0,0,0,0,'Wing Commander Slidore (3)','','',0,81,81,2,1217,2,1.77,1.14286,1,1,20,1,0,4.8,2000,2000,1,1,1,4160,2048,0,0,7,0,13438,0,0,0,0,1586,1586,'',1,1,12.5,1,1,1,0,0,1,-386,2,'',12340);
> INSERT INTO `creature_template` VALUES (37484,0,0,0,13439,0,'Wing Commander Vipore (3)','','',5147,81,81,2,1217,3,1,1.14286,1,1,20,1,0,4.5,1000,2000,1,1,1,4608,2048,0,0,7,0,0,0,0,0,0,1645,1645,'',0,1,12.5,1,1,1,0,0,1,-386,0,'',12340);
28853c28853
< INSERT INTO `creature_template` VALUES (37571,38098,0,0,0,0,'Darkfallen Advisor','','',0,82,82,2,16,0,1,1.14286,1,1,20,1,0,7.5,2000,2000,1,1,8,0,2048,0,0,6,72,37571,0,0,0,0,0,0,'SmartAI',0,1,50,10,1,2.5,0,0,1,-93,0,'',11159);
---
> INSERT INTO `creature_template` VALUES (37571,38098,0,0,0,0,'Darkfallen Advisor','','',0,82,82,2,16,0,1,1.14286,1,1,20,1,0,7.5,2000,2000,1,1,8,0,2048,0,0,6,72,37571,0,0,0,0,0,0,'SmartAI',0,1,50,10,1,2.5,0,0,1,-93,0,'npc_darkfallen_advisor',11159);
28873c28873
< INSERT INTO `creature_template` VALUES (37595,38100,0,0,0,0,'Darkfallen Blood Knight','The San\'layn','',0,82,82,2,16,0,1,1.14286,1,1,20,1,0,27.8,2000,2000,1,1,8,0,2048,0,0,6,72,37595,0,0,0,0,0,0,'SmartAI',0,1,40,10,1,2.5,0,0,1,-93,0,'',11159);
---
> INSERT INTO `creature_template` VALUES (37595,38100,0,0,0,0,'Darkfallen Blood Knight','The San\'layn','',0,82,82,2,16,0,1,1.14286,1,1,20,1,0,27.8,2000,2000,1,1,8,0,2048,0,0,6,72,37595,0,0,0,0,0,0,'SmartAI',0,1,40,10,1,2.5,0,0,1,-93,0,'npc_darkfallen_blood_knight',11159);
28934,28935c28934,28935
< INSERT INTO `creature_template` VALUES (37663,38480,0,0,0,0,'Darkfallen Noble','The San\'layn','',0,82,82,2,16,0,1,1.14286,1,1,20,1,0,7.5,2000,2000,1,1,8,0,2048,0,0,6,72,37663,0,0,0,0,0,0,'SmartAI',0,1,40,10,1,2.5,0,0,1,-93,0,'',11159);
< INSERT INTO `creature_template` VALUES (37664,38099,0,0,0,0,'Darkfallen Archmage','The San\'layn','',0,82,82,2,16,0,1,1.14286,1,1,20,1,0,7.5,2000,2000,1,1,8,0,2048,0,0,6,72,37664,0,0,0,0,0,0,'SmartAI',0,1,40,10,1,2.5,0,0,1,-93,0,'',11159);
---
> INSERT INTO `creature_template` VALUES (37663,38480,0,0,0,0,'Darkfallen Noble','The San\'layn','',0,82,82,2,16,0,1,1.14286,1,1,20,1,0,7.5,2000,2000,1,1,8,0,2048,0,0,6,72,37663,0,0,0,0,0,0,'SmartAI',0,1,40,10,1,2.5,0,0,1,-93,0,'npc_darkfallen_noble',11159);
> INSERT INTO `creature_template` VALUES (37664,38099,0,0,0,0,'Darkfallen Archmage','The San\'layn','',0,82,82,2,16,0,1,1.14286,1,1,20,1,0,7.5,2000,2000,1,1,8,0,2048,0,0,6,72,37664,0,0,0,0,0,0,'SmartAI',0,1,40,10,1,2.5,0,0,1,-93,0,'npc_darkfallen_archmage',11159);
28937c28937
< INSERT INTO `creature_template` VALUES (37666,38479,0,0,0,0,'Darkfallen Tactician','The San\'layn','',0,82,82,2,16,0,1,1.14286,1,1,20,1,0,31.5,2000,2000,1,1,1,0,2048,0,0,6,72,37666,0,0,0,0,0,0,'SmartAI',0,1,60,0,1,2.5,0,0,1,-93,0,'',11159);
---
> INSERT INTO `creature_template` VALUES (37666,38479,0,0,0,0,'Darkfallen Tactician','The San\'layn','',0,82,82,2,16,0,1,1.14286,1,1,20,1,0,31.5,2000,2000,1,1,1,0,2048,0,0,6,72,37666,0,0,0,0,0,0,'SmartAI',0,1,60,0,1,2.5,0,0,1,-93,0,'npc_darkfallen_tactician',11159);
29060c29060
< INSERT INTO `creature_template` VALUES (37901,38600,0,0,0,0,'Vampiric Fiend','','',0,80,80,2,14,0,1,1.14286,1,1,20,0,0,1,2000,2000,1,1,1,0,2048,0,0,3,0,0,0,0,0,0,0,0,'',0,1,6,1,1,1,0,0,1,0,0,'',11159);
---
> INSERT INTO `creature_template` VALUES (37901,38600,0,0,0,0,'Vampiric Fiend','','',0,80,80,2,14,0,1,1.14286,1,1,20,0,0,1,2000,2000,1,1,1,0,2048,0,0,3,0,0,0,0,0,0,0,0,'',0,1,6,1,1,1,0,0,1,0,0,'npc_vampiric_fiend',11159);
29391c29391
< INSERT INTO `creature_template` VALUES (38463,0,0,0,0,0,'Empowering Orb Visual Stalker','','',0,1,1,0,35,0,1,1.14286,1,1,20,0,0,1,2000,2000,1,1,1,0,2048,0,0,10,1048576,0,0,0,0,0,0,0,'SmartAI',0,1,1,1,1,1,0,0,1,0,128,'',12340);
---
> INSERT INTO `creature_template` VALUES (38463,0,0,0,0,0,'Empowering Orb Visual Stalker','','',0,1,1,0,35,0,1,1.14286,1,1,20,0,0,1,2000,2000,1,1,1,33554432,2048,0,0,10,1048576,0,0,0,0,0,0,0,'SmartAI',0,1,1,1,1,1,0,0,1,0,128,'npc_icc_orb_controller',12340);

--- creature_template: added 325 removed 325 ---

=== conditions ===
1656,1658c1656,1662
< INSERT INTO `conditions` VALUES (4,13966,11514,0,0,2,0,11511,1,0,0,0,0,'',NULL);
< INSERT INTO `conditions` VALUES (4,13970,11514,0,0,2,0,11511,1,0,0,0,0,'',NULL);
< INSERT INTO `conditions` VALUES (4,13971,11514,0,0,2,0,11511,1,0,0,0,0,'',NULL);
---
> INSERT INTO `conditions` VALUES (4,13965,11514,0,0,2,0,11511,1,0,0,0,0,'','Sungrass - Fel Creep requires Cenarion Beacon');
> INSERT INTO `conditions` VALUES (4,13966,11514,0,0,2,0,11511,1,0,0,0,0,'','Gromsblood - Fel Creep requires Cenarion Beacon');
> INSERT INTO `conditions` VALUES (4,13967,11514,0,0,2,0,11511,1,0,0,0,0,'','Golden Sansam - Fel Creep requires Cenarion Beacon');
> INSERT INTO `conditions` VALUES (4,13968,11514,0,0,2,0,11511,1,0,0,0,0,'','Dreamfoil - Fel Creep requires Cenarion Beacon');
> INSERT INTO `conditions` VALUES (4,13969,11514,0,0,2,0,11511,1,0,0,0,0,'','Mountain Silversage - Fel Creep requires Cenarion Beacon');
> INSERT INTO `conditions` VALUES (4,13970,11514,0,0,2,0,11511,1,0,0,0,0,'','Arthas\' Tears - Fel Creep requires Cenarion Beacon');
> INSERT INTO `conditions` VALUES (4,13971,11514,0,0,2,0,11511,1,0,0,0,0,'','Plaguebloom - Fel Creep requires Cenarion Beacon');
4450a4455,4456
> INSERT INTO `conditions` VALUES (13,1,62646,0,0,31,0,3,33186,0,0,0,0,'','Effect_0 hits Razorscale');
> INSERT INTO `conditions` VALUES (13,1,62646,0,1,31,0,3,33724,0,0,0,0,'','Effect_0 hits Razorscale (1)');
4551a4558
> INSERT INTO `conditions` VALUES (13,1,64402,0,0,31,0,3,34050,0,0,0,0,'','Rocket Strike EFFECT_0 can only hit NPC_ROCKET_VISUAL');
4566a4574
> INSERT INTO `conditions` VALUES (13,1,65034,0,0,31,0,3,34050,0,0,0,0,'','Rocket Strike EFFECT_0 can only hit NPC_ROCKET_VISUAL');
4710,4711c4718,4719
< INSERT INTO `conditions` VALUES (13,1,70293,0,0,31,0,3,38463,0,0,0,0,'','Target Empowering Orb Visual Stalker');
< INSERT INTO `conditions` VALUES (13,1,70299,0,0,31,0,3,38463,0,0,0,0,'','Target Empowering Orb Visual Stalker');
---
> INSERT INTO `conditions` VALUES (13,1,70293,0,0,31,0,3,38463,0,0,0,0,'','Effect_0 hits Empowering Orb Controller');
> INSERT INTO `conditions` VALUES (13,1,70299,0,0,31,0,3,36934,0,0,0,0,'','Effect_0 hits Empowering Orb Controller');
4828a4837
> INSERT INTO `conditions` VALUES (13,1,72099,0,0,31,0,3,36934,0,0,0,0,'','Effect_0 hits Empowering Orb Controller');
5600a5610
> INSERT INTO `conditions` VALUES (13,3,64021,0,2,31,0,3,33850,0,0,0,0,'','Flame Breath - Dark Rune Guardian (1)');
6575,6578c6585,6593
< INSERT INTO `conditions` VALUES (14,7376,8824,0,0,15,0,64,0,0,1,0,0,'','Show gossip menu 7376 text id 8824 if player is not a shaman.');
< INSERT INTO `conditions` VALUES (14,7376,8826,0,0,47,0,9451,64,0,0,0,0,'','Show gossip menu 7376 text id 8826 if quest Call of Earth is rewarded');
< INSERT INTO `conditions` VALUES (14,7376,8827,0,0,15,0,64,0,0,0,0,0,'','Show gossip menu 7376 text id 8827 if player is a Shaman.');
< INSERT INTO `conditions` VALUES (14,7376,8827,0,0,47,0,9451,64,0,1,0,0,'','Show gossip menu 7376 text id 8827 if quest Call of Earth is not rewarded.');
---
> INSERT INTO `conditions` VALUES (14,7376,8824,0,0,15,0,64,0,0,1,0,0,'','Spirit of the Vale - text 8824 if player is not a shaman');
> INSERT INTO `conditions` VALUES (14,7376,8824,0,0,16,0,1024,0,0,0,0,0,'','Spirit of the Vale - text 8824 if player is a draenei');
> INSERT INTO `conditions` VALUES (14,7376,8825,0,0,6,0,469,0,0,0,0,0,'','Spirit of the Vale - text 8825 if player is Alliance');
> INSERT INTO `conditions` VALUES (14,7376,8825,0,0,16,0,1024,0,0,1,0,0,'','Spirit of the Vale - text 8825 if player is not a draenei');
> INSERT INTO `conditions` VALUES (14,7376,8826,0,0,47,0,9451,64,0,0,0,0,'','Spirit of the Vale - text 8826 if quest Call of Earth (9451) is rewarded');
> INSERT INTO `conditions` VALUES (14,7376,8827,0,0,6,0,469,0,0,0,0,0,'','Spirit of the Vale - text 8827 if player is Alliance');
> INSERT INTO `conditions` VALUES (14,7376,8827,0,0,15,0,64,0,0,0,0,0,'','Spirit of the Vale - text 8827 if player is a shaman');
> INSERT INTO `conditions` VALUES (14,7376,8827,0,0,47,0,9451,64,0,1,0,0,'','Spirit of the Vale - text 8827 if quest Call of Earth (9451) is not rewarded');
> INSERT INTO `conditions` VALUES (14,7376,8831,0,0,6,0,67,0,0,0,0,0,'','Spirit of the Vale - text 8831 if player is Horde');
9683a9699
> INSERT INTO `conditions` VALUES (15,10314,0,0,0,13,0,2,3,2,1,0,0,'','Show gossip only when Razorscale is NOT done (BossState != DONE)');
12869a12886
> INSERT INTO `conditions` VALUES (22,1,2715,1,0,29,1,2794,50,0,1,0,0,'','Only Summon Creature Group if None are Already Spawned');

--- conditions: added 26 removed 9 ---

=== smart_scripts ===
2210,2257c2210,2272
< INSERT INTO `smart_scripts` VALUES (-128901,0,0,1,11,0,100,0,0,0,0,0,0,0,12,28821,8,0,0,0,0,1,0,0,0,0,0,0,0,0,'Scarlet Miner - On Respawn - Summon Creature \'Mine Car\'');
< INSERT INTO `smart_scripts` VALUES (-128901,0,1,2,61,0,100,0,0,0,0,0,0,0,11,52465,0,0,0,0,0,204,28821,0,0,0,0,0,0,0,'Scarlet Miner - On Respawn - Cast \'Drag Mine Cart\'');
< INSERT INTO `smart_scripts` VALUES (-128901,0,2,0,61,0,100,0,0,0,0,0,0,0,232,12890100,0,0,0,0,0,1,0,0,0,0,0,0,0,0,'Scarlet Miner - On Respawn - Start Path 12890100');
< INSERT INTO `smart_scripts` VALUES (-128901,0,3,0,109,0,100,0,0,12890100,0,0,0,0,41,2000,10,0,0,0,0,1,0,0,0,0,0,0,0,0,'Scarlet Miner - On Path 12890100 Finished - Despawn In 2000 ms');
< INSERT INTO `smart_scripts` VALUES (-128901,0,4,0,109,0,100,0,0,12890100,0,0,0,0,41,2000,0,0,0,0,0,204,28821,0,0,0,0,0,0,0,'Scarlet Miner - On Path 12890100 Finished - Despawn In 2000 ms');
< INSERT INTO `smart_scripts` VALUES (-128901,0,5,0,6,0,100,0,0,0,0,0,0,0,41,1000,0,0,0,0,0,204,28821,0,0,0,0,0,0,0,'Scarlet Miner - On Just Died - Despawn In 1000 ms');
< INSERT INTO `smart_scripts` VALUES (-128899,0,0,1,11,0,100,0,0,0,0,0,0,0,12,28821,8,0,0,0,0,1,0,0,0,0,0,0,0,0,'Scarlet Miner - On Respawn - Summon Creature \'Mine Car\'');
< INSERT INTO `smart_scripts` VALUES (-128899,0,1,2,61,0,100,0,0,0,0,0,0,0,11,52465,0,0,0,0,0,204,28821,0,0,0,0,0,0,0,'Scarlet Miner - On Respawn - Cast \'Drag Mine Cart\'');
< INSERT INTO `smart_scripts` VALUES (-128899,0,2,0,61,0,100,0,0,0,0,0,0,0,232,12889900,0,0,0,0,0,1,0,0,0,0,0,0,0,0,'Scarlet Miner - On Respawn - Start Path 12889900');
< INSERT INTO `smart_scripts` VALUES (-128899,0,3,0,109,0,100,0,0,12889900,0,0,0,0,41,2000,10,0,0,0,0,1,0,0,0,0,0,0,0,0,'Scarlet Miner - On Path 12889900 Finished - Despawn In 2000 ms');
< INSERT INTO `smart_scripts` VALUES (-128899,0,4,0,109,0,100,0,0,12889900,0,0,0,0,41,2000,0,0,0,0,0,204,28821,0,0,0,0,0,0,0,'Scarlet Miner - On Path 12889900 Finished - Despawn In 2000 ms');
< INSERT INTO `smart_scripts` VALUES (-128899,0,5,0,6,0,100,0,0,0,0,0,0,0,41,1000,0,0,0,0,0,204,28821,0,0,0,0,0,0,0,'Scarlet Miner - On Just Died - Despawn In 1000 ms');
< INSERT INTO `smart_scripts` VALUES (-128898,0,0,1,11,0,100,0,0,0,0,0,0,0,12,28821,8,0,0,0,0,1,0,0,0,0,0,0,0,0,'Scarlet Miner - On Respawn - Summon Creature \'Mine Car\'');
< INSERT INTO `smart_scripts` VALUES (-128898,0,1,2,61,0,100,0,0,0,0,0,0,0,11,52465,0,0,0,0,0,204,28821,0,0,0,0,0,0,0,'Scarlet Miner - On Respawn - Cast \'Drag Mine Cart\'');
< INSERT INTO `smart_scripts` VALUES (-128898,0,2,0,61,0,100,0,0,0,0,0,0,0,232,12889800,0,0,0,0,0,1,0,0,0,0,0,0,0,0,'Scarlet Miner - On Respawn - Start Path 12889800');
< INSERT INTO `smart_scripts` VALUES (-128898,0,3,0,109,0,100,0,0,12889800,0,0,0,0,41,2000,10,0,0,0,0,1,0,0,0,0,0,0,0,0,'Scarlet Miner - On Path 12889800 Finished - Despawn In 2000 ms');
< INSERT INTO `smart_scripts` VALUES (-128898,0,4,0,109,0,100,0,0,12889800,0,0,0,0,41,2000,0,0,0,0,0,204,28821,0,0,0,0,0,0,0,'Scarlet Miner - On Path 12889800 Finished - Despawn In 2000 ms');
< INSERT INTO `smart_scripts` VALUES (-128898,0,5,0,6,0,100,0,0,0,0,0,0,0,41,1000,0,0,0,0,0,204,28821,0,0,0,0,0,0,0,'Scarlet Miner - On Just Died - Despawn In 1000 ms');
< INSERT INTO `smart_scripts` VALUES (-128896,0,0,1,11,0,100,0,0,0,0,0,0,0,12,28821,8,0,0,0,0,1,0,0,0,0,0,0,0,0,'Scarlet Miner - On Respawn - Summon Creature \'Mine Car\'');
< INSERT INTO `smart_scripts` VALUES (-128896,0,1,2,61,0,100,0,0,0,0,0,0,0,11,52465,0,0,0,0,0,204,28821,0,0,0,0,0,0,0,'Scarlet Miner - On Respawn - Cast \'Drag Mine Cart\'');
< INSERT INTO `smart_scripts` VALUES (-128896,0,2,0,61,0,100,0,0,0,0,0,0,0,232,12889600,0,0,0,0,0,1,0,0,0,0,0,0,0,0,'Scarlet Miner - On Respawn - Start Path 12889600');
< INSERT INTO `smart_scripts` VALUES (-128896,0,3,0,109,0,100,0,0,12889600,0,0,0,0,41,2000,10,0,0,0,0,1,0,0,0,0,0,0,0,0,'Scarlet Miner - On Path 12889600 Finished - Despawn In 2000 ms');
< INSERT INTO `smart_scripts` VALUES (-128896,0,4,0,109,0,100,0,0,12889600,0,0,0,0,41,2000,0,0,0,0,0,204,28821,0,0,0,0,0,0,0,'Scarlet Miner - On Path 12889600 Finished - Despawn In 2000 ms');
< INSERT INTO `smart_scripts` VALUES (-128896,0,5,0,6,0,100,0,0,0,0,0,0,0,41,1000,0,0,0,0,0,204,28821,0,0,0,0,0,0,0,'Scarlet Miner - On Just Died - Despawn In 1000 ms');
< INSERT INTO `smart_scripts` VALUES (-128895,0,0,1,11,0,100,0,0,0,0,0,0,0,12,28821,8,0,0,0,0,1,0,0,0,0,0,0,0,0,'Scarlet Miner - On Respawn - Summon Creature \'Mine Car\'');
< INSERT INTO `smart_scripts` VALUES (-128895,0,1,2,61,0,100,0,0,0,0,0,0,0,11,52465,0,0,0,0,0,204,28821,0,0,0,0,0,0,0,'Scarlet Miner - On Respawn - Cast \'Drag Mine Cart\'');
< INSERT INTO `smart_scripts` VALUES (-128895,0,2,0,61,0,100,0,0,0,0,0,0,0,232,12889500,0,0,0,0,0,1,0,0,0,0,0,0,0,0,'Scarlet Miner - On Respawn - Start Path 12889500');
< INSERT INTO `smart_scripts` VALUES (-128895,0,3,0,109,0,100,0,0,12889500,0,0,0,0,41,2000,10,0,0,0,0,1,0,0,0,0,0,0,0,0,'Scarlet Miner - On Path 12889500 Finished - Despawn In 2000 ms');
< INSERT INTO `smart_scripts` VALUES (-128895,0,4,0,109,0,100,0,0,12889500,0,0,0,0,41,2000,0,0,0,0,0,204,28821,0,0,0,0,0,0,0,'Scarlet Miner - On Path 12889500 Finished - Despawn In 2000 ms');
< INSERT INTO `smart_scripts` VALUES (-128895,0,5,0,6,0,100,0,0,0,0,0,0,0,41,1000,0,0,0,0,0,204,28821,0,0,0,0,0,0,0,'Scarlet Miner - On Just Died - Despawn In 1000 ms');
< INSERT INTO `smart_scripts` VALUES (-128894,0,0,1,11,0,100,0,0,0,0,0,0,0,12,28821,8,0,0,0,0,1,0,0,0,0,0,0,0,0,'Scarlet Miner - On Respawn - Summon Creature \'Mine Car\'');
< INSERT INTO `smart_scripts` VALUES (-128894,0,1,2,61,0,100,0,0,0,0,0,0,0,11,52465,0,0,0,0,0,204,28821,0,0,0,0,0,0,0,'Scarlet Miner - On Respawn - Cast \'Drag Mine Cart\'');
< INSERT INTO `smart_scripts` VALUES (-128894,0,2,0,61,0,100,0,0,0,0,0,0,0,232,12889400,0,0,0,0,0,1,0,0,0,0,0,0,0,0,'Scarlet Miner - On Respawn - Start Path 12889400');
< INSERT INTO `smart_scripts` VALUES (-128894,0,3,0,109,0,100,0,0,12889400,0,0,0,0,41,2000,10,0,0,0,0,1,0,0,0,0,0,0,0,0,'Scarlet Miner - On Path 12889400 Finished - Despawn In 2000 ms');
< INSERT INTO `smart_scripts` VALUES (-128894,0,4,0,109,0,100,0,0,12889400,0,0,0,0,41,2000,0,0,0,0,0,204,28821,0,0,0,0,0,0,0,'Scarlet Miner - On Path 12889400 Finished - Despawn In 2000 ms');
< INSERT INTO `smart_scripts` VALUES (-128894,0,5,0,6,0,100,0,0,0,0,0,0,0,41,1000,0,0,0,0,0,204,28821,0,0,0,0,0,0,0,'Scarlet Miner - On Just Died - Despawn In 1000 ms');
< INSERT INTO `smart_scripts` VALUES (-128893,0,0,1,11,0,100,0,0,0,0,0,0,0,12,28821,8,0,0,0,0,1,0,0,0,0,0,0,0,0,'Scarlet Miner - On Respawn - Summon Creature \'Mine Car\'');
< INSERT INTO `smart_scripts` VALUES (-128893,0,1,2,61,0,100,0,0,0,0,0,0,0,11,52465,0,0,0,0,0,204,28821,0,0,0,0,0,0,0,'Scarlet Miner - On Respawn - Cast \'Drag Mine Cart\'');
< INSERT INTO `smart_scripts` VALUES (-128893,0,2,0,61,0,100,0,0,0,0,0,0,0,232,12889300,0,0,0,0,0,1,0,0,0,0,0,0,0,0,'Scarlet Miner - On Respawn - Start Path 12889300');
< INSERT INTO `smart_scripts` VALUES (-128893,0,3,0,109,0,100,0,0,12889300,0,0,0,0,41,2000,10,0,0,0,0,1,0,0,0,0,0,0,0,0,'Scarlet Miner - On Path 12889300 Finished - Despawn In 2000 ms');
< INSERT INTO `smart_scripts` VALUES (-128893,0,4,0,109,0,100,0,0,12889300,0,0,0,0,41,2000,0,0,0,0,0,204,28821,0,0,0,0,0,0,0,'Scarlet Miner - On Path 12889300 Finished - Despawn In 2000 ms');
< INSERT INTO `smart_scripts` VALUES (-128893,0,5,0,6,0,100,0,0,0,0,0,0,0,41,1000,0,0,0,0,0,204,28821,0,0,0,0,0,0,0,'Scarlet Miner - On Just Died - Despawn In 1000 ms');
< INSERT INTO `smart_scripts` VALUES (-128892,0,0,1,11,0,100,0,0,0,0,0,0,0,12,28821,8,0,0,0,0,1,0,0,0,0,0,0,0,0,'Scarlet Miner - On Respawn - Summon Creature \'Mine Car\'');
< INSERT INTO `smart_scripts` VALUES (-128892,0,1,2,61,0,100,0,0,0,0,0,0,0,11,52465,0,0,0,0,0,204,28821,0,0,0,0,0,0,0,'Scarlet Miner - On Respawn - Cast \'Drag Mine Cart\'');
< INSERT INTO `smart_scripts` VALUES (-128892,0,2,0,61,0,100,0,0,0,0,0,0,0,232,12889200,0,0,0,0,0,1,0,0,0,0,0,0,0,0,'Scarlet Miner - On Respawn - Start Path 12889200');
< INSERT INTO `smart_scripts` VALUES (-128892,0,3,0,109,0,100,0,0,12889200,0,0,0,0,41,2000,10,0,0,0,0,1,0,0,0,0,0,0,0,0,'Scarlet Miner - On Path 12889200 Finished - Despawn In 2000 ms');
< INSERT INTO `smart_scripts` VALUES (-128892,0,4,0,109,0,100,0,0,12889200,0,0,0,0,41,2000,0,0,0,0,0,204,28821,0,0,0,0,0,0,0,'Scarlet Miner - On Path 12889200 Finished - Despawn In 2000 ms');
< INSERT INTO `smart_scripts` VALUES (-128892,0,5,0,6,0,100,0,0,0,0,0,0,0,41,1000,0,0,0,0,0,204,28821,0,0,0,0,0,0,0,'Scarlet Miner - On Just Died - Despawn In 1000 ms');
---
> INSERT INTO `smart_scripts` VALUES (-128901,0,1000,1001,11,0,100,0,0,0,0,0,0,0,70,0,0,0,0,0,0,10,128921,28821,0,0,0,0,0,0,'Scarlet Miner - On Respawn - Respawn Closest Creature \'Mine Car\'');
> INSERT INTO `smart_scripts` VALUES (-128901,0,1001,1002,61,0,100,0,0,0,0,0,0,0,11,52414,0,0,0,0,0,10,128921,28821,0,0,0,0,0,0,'Scarlet Miner - On Respawn - Cast \'Drag Mine Cart\'');
> INSERT INTO `smart_scripts` VALUES (-128901,0,1002,0,61,0,100,0,0,0,0,0,0,0,232,12890100,0,0,0,0,0,1,0,0,0,0,0,0,0,0,'Scarlet Miner - On Respawn - Start Path 12889200');
> INSERT INTO `smart_scripts` VALUES (-128901,0,1003,1004,109,0,100,0,0,12890100,0,0,0,0,41,2000,0,0,0,0,0,10,128921,28821,0,0,0,0,0,0,'Scarlet Miner - On Path 12889200 Finished - Despawn In 2000 ms');
> INSERT INTO `smart_scripts` VALUES (-128901,0,1004,0,61,0,100,0,0,0,0,0,0,0,41,2000,10,0,0,0,0,1,0,0,0,0,0,0,0,0,'Scarlet Miner - On Path 12889200 Finished - Despawn In 2000 ms');
> INSERT INTO `smart_scripts` VALUES (-128901,0,1005,0,6,0,100,0,0,0,0,0,0,0,41,1000,0,0,0,0,0,10,128921,28821,0,0,0,0,0,0,'Scarlet Miner - On Just Died - Despawn In 1000 ms');
> INSERT INTO `smart_scripts` VALUES (-128901,0,1006,0,7,0,100,0,0,0,0,0,0,0,11,52414,0,0,0,0,0,10,128921,28821,0,0,0,0,0,0,'Scarlet Miner - On Evade - Cast \'Drag Mine Cart\'');
> INSERT INTO `smart_scripts` VALUES (-128899,0,1000,1001,11,0,100,0,0,0,0,0,0,0,70,0,0,0,0,0,0,10,128908,28821,0,0,0,0,0,0,'Scarlet Miner - On Respawn - Respawn Closest Creature \'Mine Car\'');
> INSERT INTO `smart_scripts` VALUES (-128899,0,1001,1002,61,0,100,0,0,0,0,0,0,0,11,52414,0,0,0,0,0,10,128908,28821,0,0,0,0,0,0,'Scarlet Miner - On Respawn - Cast \'Drag Mine Cart\'');
> INSERT INTO `smart_scripts` VALUES (-128899,0,1002,0,61,0,100,0,0,0,0,0,0,0,232,12889900,0,0,0,0,0,1,0,0,0,0,0,0,0,0,'Scarlet Miner - On Respawn - Start Path 12889200');
> INSERT INTO `smart_scripts` VALUES (-128899,0,1003,1004,109,0,100,0,0,12889900,0,0,0,0,41,2000,0,0,0,0,0,10,128908,28821,0,0,0,0,0,0,'Scarlet Miner - On Path 12889200 Finished - Despawn In 2000 ms');
> INSERT INTO `smart_scripts` VALUES (-128899,0,1004,0,61,0,100,0,0,0,0,0,0,0,41,2000,10,0,0,0,0,1,0,0,0,0,0,0,0,0,'Scarlet Miner - On Path 12889200 Finished - Despawn In 2000 ms');
> INSERT INTO `smart_scripts` VALUES (-128899,0,1005,0,6,0,100,0,0,0,0,0,0,0,41,1000,0,0,0,0,0,10,128908,28821,0,0,0,0,0,0,'Scarlet Miner - On Just Died - Despawn In 1000 ms');
> INSERT INTO `smart_scripts` VALUES (-128899,0,1006,0,7,0,100,0,0,0,0,0,0,0,11,52414,0,0,0,0,0,10,128908,28821,0,0,0,0,0,0,'Scarlet Miner - On Evade - Cast \'Drag Mine Cart\'');
> INSERT INTO `smart_scripts` VALUES (-128898,0,1000,1001,11,0,100,0,0,0,0,0,0,0,70,0,0,0,0,0,0,10,128907,28821,0,0,0,0,0,0,'Scarlet Miner - On Respawn - Respawn Closest Creature \'Mine Car\'');
> INSERT INTO `smart_scripts` VALUES (-128898,0,1001,1002,61,0,100,0,0,0,0,0,0,0,11,52414,0,0,0,0,0,10,128907,28821,0,0,0,0,0,0,'Scarlet Miner - On Respawn - Cast \'Drag Mine Cart\'');
> INSERT INTO `smart_scripts` VALUES (-128898,0,1002,0,61,0,100,0,0,0,0,0,0,0,232,12889800,0,0,0,0,0,1,0,0,0,0,0,0,0,0,'Scarlet Miner - On Respawn - Start Path 12889200');
> INSERT INTO `smart_scripts` VALUES (-128898,0,1003,1004,109,0,100,0,0,12889800,0,0,0,0,41,2000,0,0,0,0,0,10,128907,28821,0,0,0,0,0,0,'Scarlet Miner - On Path 12889200 Finished - Despawn In 2000 ms');
> INSERT INTO `smart_scripts` VALUES (-128898,0,1004,0,61,0,100,0,0,0,0,0,0,0,41,2000,10,0,0,0,0,1,0,0,0,0,0,0,0,0,'Scarlet Miner - On Path 12889200 Finished - Despawn In 2000 ms');
> INSERT INTO `smart_scripts` VALUES (-128898,0,1005,0,6,0,100,0,0,0,0,0,0,0,41,1000,0,0,0,0,0,10,128907,28821,0,0,0,0,0,0,'Scarlet Miner - On Just Died - Despawn In 1000 ms');
> INSERT INTO `smart_scripts` VALUES (-128898,0,1006,0,7,0,100,0,0,0,0,0,0,0,11,52414,0,0,0,0,0,10,128907,28821,0,0,0,0,0,0,'Scarlet Miner - On Evade - Cast \'Drag Mine Cart\'');
> INSERT INTO `smart_scripts` VALUES (-128897,0,1000,1001,11,0,100,0,0,0,0,0,0,0,70,0,0,0,0,0,0,10,128909,28821,0,0,0,0,0,0,'Scarlet Miner - On Respawn - Respawn Closest Creature \'Mine Car\'');
> INSERT INTO `smart_scripts` VALUES (-128897,0,1001,1002,61,0,100,0,0,0,0,0,0,0,11,52414,0,0,0,0,0,10,128909,28821,0,0,0,0,0,0,'Scarlet Miner - On Respawn - Cast \'Drag Mine Cart\'');
> INSERT INTO `smart_scripts` VALUES (-128897,0,1002,0,61,0,100,0,0,0,0,0,0,0,232,12889700,0,0,0,0,0,1,0,0,0,0,0,0,0,0,'Scarlet Miner - On Respawn - Start Path 12889200');
> INSERT INTO `smart_scripts` VALUES (-128897,0,1003,1004,109,0,100,0,0,12889700,0,0,0,0,41,2000,0,0,0,0,0,10,128909,28821,0,0,0,0,0,0,'Scarlet Miner - On Path 12889200 Finished - Despawn In 2000 ms');
> INSERT INTO `smart_scripts` VALUES (-128897,0,1004,0,61,0,100,0,0,0,0,0,0,0,41,2000,10,0,0,0,0,1,0,0,0,0,0,0,0,0,'Scarlet Miner - On Path 12889200 Finished - Despawn In 2000 ms');
> INSERT INTO `smart_scripts` VALUES (-128897,0,1005,0,6,0,100,0,0,0,0,0,0,0,41,1000,0,0,0,0,0,10,128909,28821,0,0,0,0,0,0,'Scarlet Miner - On Just Died - Despawn In 1000 ms');
> INSERT INTO `smart_scripts` VALUES (-128897,0,1006,0,7,0,100,0,0,0,0,0,0,0,11,52414,0,0,0,0,0,10,128909,28821,0,0,0,0,0,0,'Scarlet Miner - On Evade - Cast \'Drag Mine Cart\'');
> INSERT INTO `smart_scripts` VALUES (-128896,0,1000,1001,11,0,100,0,0,0,0,0,0,0,70,0,0,0,0,0,0,10,128906,28821,0,0,0,0,0,0,'Scarlet Miner - On Respawn - Respawn Closest Creature \'Mine Car\'');
> INSERT INTO `smart_scripts` VALUES (-128896,0,1001,1002,61,0,100,0,0,0,0,0,0,0,11,52414,0,0,0,0,0,10,128906,28821,0,0,0,0,0,0,'Scarlet Miner - On Respawn - Cast \'Drag Mine Cart\'');
> INSERT INTO `smart_scripts` VALUES (-128896,0,1002,0,61,0,100,0,0,0,0,0,0,0,232,12889600,0,0,0,0,0,1,0,0,0,0,0,0,0,0,'Scarlet Miner - On Respawn - Start Path 12889200');
> INSERT INTO `smart_scripts` VALUES (-128896,0,1003,1004,109,0,100,0,0,12889600,0,0,0,0,41,2000,0,0,0,0,0,10,128906,28821,0,0,0,0,0,0,'Scarlet Miner - On Path 12889200 Finished - Despawn In 2000 ms');
> INSERT INTO `smart_scripts` VALUES (-128896,0,1004,0,61,0,100,0,0,0,0,0,0,0,41,2000,10,0,0,0,0,1,0,0,0,0,0,0,0,0,'Scarlet Miner - On Path 12889200 Finished - Despawn In 2000 ms');
> INSERT INTO `smart_scripts` VALUES (-128896,0,1005,0,6,0,100,0,0,0,0,0,0,0,41,1000,0,0,0,0,0,10,128906,28821,0,0,0,0,0,0,'Scarlet Miner - On Just Died - Despawn In 1000 ms');
> INSERT INTO `smart_scripts` VALUES (-128896,0,1006,0,7,0,100,0,0,0,0,0,0,0,11,52414,0,0,0,0,0,10,128906,28821,0,0,0,0,0,0,'Scarlet Miner - On Evade - Cast \'Drag Mine Cart\'');
> INSERT INTO `smart_scripts` VALUES (-128895,0,1000,1001,11,0,100,0,0,0,0,0,0,0,70,0,0,0,0,0,0,10,128905,28821,0,0,0,0,0,0,'Scarlet Miner - On Respawn - Respawn Closest Creature \'Mine Car\'');
> INSERT INTO `smart_scripts` VALUES (-128895,0,1001,1002,61,0,100,0,0,0,0,0,0,0,11,52414,0,0,0,0,0,10,128905,28821,0,0,0,0,0,0,'Scarlet Miner - On Respawn - Cast \'Drag Mine Cart\'');
> INSERT INTO `smart_scripts` VALUES (-128895,0,1002,0,61,0,100,0,0,0,0,0,0,0,232,12889500,0,0,0,0,0,1,0,0,0,0,0,0,0,0,'Scarlet Miner - On Respawn - Start Path 12889200');
> INSERT INTO `smart_scripts` VALUES (-128895,0,1003,1004,109,0,100,0,0,12889500,0,0,0,0,41,2000,0,0,0,0,0,10,128905,28821,0,0,0,0,0,0,'Scarlet Miner - On Path 12889200 Finished - Despawn In 2000 ms');
> INSERT INTO `smart_scripts` VALUES (-128895,0,1004,0,61,0,100,0,0,0,0,0,0,0,41,2000,10,0,0,0,0,1,0,0,0,0,0,0,0,0,'Scarlet Miner - On Path 12889200 Finished - Despawn In 2000 ms');
> INSERT INTO `smart_scripts` VALUES (-128895,0,1005,0,6,0,100,0,0,0,0,0,0,0,41,1000,0,0,0,0,0,10,128905,28821,0,0,0,0,0,0,'Scarlet Miner - On Just Died - Despawn In 1000 ms');
> INSERT INTO `smart_scripts` VALUES (-128895,0,1006,0,7,0,100,0,0,0,0,0,0,0,11,52414,0,0,0,0,0,10,128905,28821,0,0,0,0,0,0,'Scarlet Miner - On Evade - Cast \'Drag Mine Cart\'');
> INSERT INTO `smart_scripts` VALUES (-128894,0,1000,1001,11,0,100,0,0,0,0,0,0,0,70,0,0,0,0,0,0,10,128904,28821,0,0,0,0,0,0,'Scarlet Miner - On Respawn - Respawn Closest Creature \'Mine Car\'');
> INSERT INTO `smart_scripts` VALUES (-128894,0,1001,1002,61,0,100,0,0,0,0,0,0,0,11,52414,0,0,0,0,0,10,128904,28821,0,0,0,0,0,0,'Scarlet Miner - On Respawn - Cast \'Drag Mine Cart\'');
> INSERT INTO `smart_scripts` VALUES (-128894,0,1002,0,61,0,100,0,0,0,0,0,0,0,232,12889400,0,0,0,0,0,1,0,0,0,0,0,0,0,0,'Scarlet Miner - On Respawn - Start Path 12889200');
> INSERT INTO `smart_scripts` VALUES (-128894,0,1003,1004,109,0,100,0,0,12889400,0,0,0,0,41,2000,0,0,0,0,0,10,128904,28821,0,0,0,0,0,0,'Scarlet Miner - On Path 12889200 Finished - Despawn In 2000 ms');
> INSERT INTO `smart_scripts` VALUES (-128894,0,1004,0,61,0,100,0,0,0,0,0,0,0,41,2000,10,0,0,0,0,1,0,0,0,0,0,0,0,0,'Scarlet Miner - On Path 12889200 Finished - Despawn In 2000 ms');
> INSERT INTO `smart_scripts` VALUES (-128894,0,1005,0,6,0,100,0,0,0,0,0,0,0,41,1000,0,0,0,0,0,10,128904,28821,0,0,0,0,0,0,'Scarlet Miner - On Just Died - Despawn In 1000 ms');
> INSERT INTO `smart_scripts` VALUES (-128894,0,1006,0,7,0,100,0,0,0,0,0,0,0,11,52414,0,0,0,0,0,10,128904,28821,0,0,0,0,0,0,'Scarlet Miner - On Evade - Cast \'Drag Mine Cart\'');
> INSERT INTO `smart_scripts` VALUES (-128893,0,1000,1001,11,0,100,0,0,0,0,0,0,0,70,0,0,0,0,0,0,10,128903,28821,0,0,0,0,0,0,'Scarlet Miner - On Respawn - Respawn Closest Creature \'Mine Car\'');
> INSERT INTO `smart_scripts` VALUES (-128893,0,1001,1002,61,0,100,0,0,0,0,0,0,0,11,52414,0,0,0,0,0,10,128903,28821,0,0,0,0,0,0,'Scarlet Miner - On Respawn - Cast \'Drag Mine Cart\'');
> INSERT INTO `smart_scripts` VALUES (-128893,0,1002,0,61,0,100,0,0,0,0,0,0,0,232,12889300,0,0,0,0,0,1,0,0,0,0,0,0,0,0,'Scarlet Miner - On Respawn - Start Path 12889200');
> INSERT INTO `smart_scripts` VALUES (-128893,0,1003,1004,109,0,100,0,0,12889300,0,0,0,0,41,2000,0,0,0,0,0,10,128903,28821,0,0,0,0,0,0,'Scarlet Miner - On Path 12889200 Finished - Despawn In 2000 ms');
> INSERT INTO `smart_scripts` VALUES (-128893,0,1004,0,61,0,100,0,0,0,0,0,0,0,41,2000,10,0,0,0,0,1,0,0,0,0,0,0,0,0,'Scarlet Miner - On Path 12889200 Finished - Despawn In 2000 ms');
> INSERT INTO `smart_scripts` VALUES (-128893,0,1005,0,6,0,100,0,0,0,0,0,0,0,41,1000,0,0,0,0,0,10,128903,28821,0,0,0,0,0,0,'Scarlet Miner - On Just Died - Despawn In 1000 ms');
> INSERT INTO `smart_scripts` VALUES (-128893,0,1006,0,7,0,100,0,0,0,0,0,0,0,11,52414,0,0,0,0,0,10,128903,28821,0,0,0,0,0,0,'Scarlet Miner - On Evade - Cast \'Drag Mine Cart\'');
> INSERT INTO `smart_scripts` VALUES (-128892,0,1000,1001,11,0,100,0,0,0,0,0,0,0,70,0,0,0,0,0,0,10,128902,28821,0,0,0,0,0,0,'Scarlet Miner - On Respawn - Respawn Closest Creature \'Mine Car\'');
> INSERT INTO `smart_scripts` VALUES (-128892,0,1001,1002,61,0,100,0,0,0,0,0,0,0,11,52414,0,0,0,0,0,10,128902,28821,0,0,0,0,0,0,'Scarlet Miner - On Respawn - Cast \'Drag Mine Cart\'');
> INSERT INTO `smart_scripts` VALUES (-128892,0,1002,0,61,0,100,0,0,0,0,0,0,0,232,12889200,0,0,0,0,0,1,0,0,0,0,0,0,0,0,'Scarlet Miner - On Respawn - Start Path 12889200');
> INSERT INTO `smart_scripts` VALUES (-128892,0,1003,1004,109,0,100,0,0,12889200,0,0,0,0,41,2000,0,0,0,0,0,10,128902,28821,0,0,0,0,0,0,'Scarlet Miner - On Path 12889200 Finished - Despawn In 2000 ms');
> INSERT INTO `smart_scripts` VALUES (-128892,0,1004,0,61,0,100,0,0,0,0,0,0,0,41,2000,10,0,0,0,0,1,0,0,0,0,0,0,0,0,'Scarlet Miner - On Path 12889200 Finished - Despawn In 2000 ms');
> INSERT INTO `smart_scripts` VALUES (-128892,0,1005,0,6,0,100,0,0,0,0,0,0,0,41,1000,0,0,0,0,0,10,128902,28821,0,0,0,0,0,0,'Scarlet Miner - On Just Died - Despawn In 1000 ms');
> INSERT INTO `smart_scripts` VALUES (-128892,0,1006,0,7,0,100,0,0,0,0,0,0,0,11,52414,0,0,0,0,0,10,128902,28821,0,0,0,0,0,0,'Scarlet Miner - On Evade - Cast \'Drag Mine Cart\'');
2429a2445,2458
> INSERT INTO `smart_scripts` VALUES (-125726,0,0,0,11,0,100,0,0,0,0,0,0,0,60,0,0,0,0,0,0,1,0,0,0,0,0,0,0,0,'Flyer 125726 - On Respawn - Set Fly Off (grounded)');
> INSERT INTO `smart_scripts` VALUES (-125726,0,1,2,1,0,100,0,65750,65750,121600,121600,0,0,60,1,0,1,0,0,0,1,0,0,0,0,0,0,0,0,'Flyer 125726 - OOC timer (~121.6s cadence, +60.75s offset) - Set Fly On (gravity disabled)');
> INSERT INTO `smart_scripts` VALUES (-125726,0,2,0,61,0,100,0,0,0,0,0,0,0,67,1,500,500,0,0,100,1,0,0,0,0,0,0,0,0,'Flyer 125726 - linked - Timed event (0.5s) before pathing');
> INSERT INTO `smart_scripts` VALUES (-125726,0,3,0,59,0,100,0,1,0,0,0,0,0,232,1257260,0,0,0,0,0,1,0,0,0,0,0,0,0,0,'Flyer 125726 - timed event - Start flight path');
> INSERT INTO `smart_scripts` VALUES (-125726,0,4,5,109,0,100,0,0,0,0,0,0,0,60,0,0,0,0,0,0,1,0,0,0,0,0,0,0,0,'Flyer 125726 - Path Ended - Set Fly Off (land)');
> INSERT INTO `smart_scripts` VALUES (-125726,0,5,0,61,0,100,0,0,0,0,0,0,0,67,2,1500,1500,0,0,100,1,0,0,0,0,0,0,0,0,'Flyer 125726 - linked - Timed event (1.5s) so land settles before facing');
> INSERT INTO `smart_scripts` VALUES (-125726,0,6,0,59,0,100,0,2,0,0,0,0,0,66,1,0,0,0,0,0,8,0,0,0,0,0,0,0,0.384,'Flyer 125726 - timed event - Face spawn orientation (instant, explicit angle - home pos is mutated in flight)');
> INSERT INTO `smart_scripts` VALUES (-125724,0,0,0,11,0,100,0,0,0,0,0,0,0,60,0,0,0,0,0,0,1,0,0,0,0,0,0,0,0,'Flyer 125724 - On Respawn - Set Fly Off (grounded)');
> INSERT INTO `smart_scripts` VALUES (-125724,0,1,2,1,0,100,0,5000,5000,121600,121600,0,0,60,1,0,1,0,0,0,1,0,0,0,0,0,0,0,0,'Flyer 125724 - OOC timer (~121.6s cadence) - Set Fly On (gravity disabled)');
> INSERT INTO `smart_scripts` VALUES (-125724,0,2,0,61,0,100,0,0,0,0,0,0,0,67,1,500,500,0,0,100,1,0,0,0,0,0,0,0,0,'Flyer 125724 - linked - Timed event (0.5s) before pathing');
> INSERT INTO `smart_scripts` VALUES (-125724,0,3,0,59,0,100,0,1,0,0,0,0,0,232,1257240,0,0,0,0,0,1,0,0,0,0,0,0,0,0,'Flyer 125724 - timed event - Start flight path');
> INSERT INTO `smart_scripts` VALUES (-125724,0,4,5,109,0,100,0,0,0,0,0,0,0,60,0,0,0,0,0,0,1,0,0,0,0,0,0,0,0,'Flyer 125724 - Path Ended - Set Fly Off (land)');
> INSERT INTO `smart_scripts` VALUES (-125724,0,5,0,61,0,100,0,0,0,0,0,0,0,67,2,1500,1500,0,0,100,1,0,0,0,0,0,0,0,0,'Flyer 125724 - linked - Timed event (1.5s) so land settles before facing');
> INSERT INTO `smart_scripts` VALUES (-125724,0,6,0,59,0,100,0,2,0,0,0,0,0,66,1,0,0,0,0,0,8,0,0,0,0,0,0,0,6.248,'Flyer 125724 - timed event - Face spawn orientation (instant, explicit angle - home pos is mutated in flight)');
6877a6907
> INSERT INTO `smart_scripts` VALUES (2715,1,0,0,71,0,100,0,413,0,0,0,0,0,107,0,0,0,0,0,0,1,0,0,0,0,0,0,0,0,'Runed Pedestal - On Event 413 (Use Enchanted Agate) - Summon Creature Group');
9109c9139
< INSERT INTO `smart_scripts` VALUES (4963,0,3,0,19,0,100,512,1249,0,0,0,0,0,64,1,0,0,0,0,0,7,0,0,0,0,0,0,0,0,'Mikhail - On Quest \'The Missing Diplomat (Part 11)\' Taken - Store Target');
---
> INSERT INTO `smart_scripts` VALUES (4963,0,3,0,19,0,100,512,1249,0,0,0,0,0,64,1,0,0,0,0,0,16,0,0,0,0,0,0,0,0,'Mikhail - On Quest \'The Missing Diplomat (Part 11)\' Taken - Store Target');
31774a31805
> INSERT INTO `smart_scripts` VALUES (28103,0,3,0,1,0,100,0,90000,175000,90000,175000,0,0,1,1,0,0,0,0,0,1,0,0,0,0,0,0,0,0,'Urgreth of the Thousand Tombs - Out of Combat - Say Line 1');
32910c32941
< INSERT INTO `smart_scripts` VALUES (28821,0,0,0,11,0,100,0,0,0,0,0,0,0,29,1,180,0,0,0,0,23,0,0,0,0,0,0,0,0,'Mine Car - On Respawn - Start Follow Owner Or Summoner');
---
> INSERT INTO `smart_scripts` VALUES (28821,0,0,0,11,0,100,0,0,0,0,0,0,0,11,54173,0,0,0,0,0,1,0,0,0,0,0,0,0,0,'Mine Car - On Respawn - Cast \'Drag Mine Cart Check\'');
32912c32943
< INSERT INTO `smart_scripts` VALUES (28822,0,6,0,25,0,100,0,0,0,0,0,0,0,48,1,0,0,0,0,0,1,0,0,0,0,0,0,0,0,'Scarlet Miner - On Reset - Set Active On');
---
> INSERT INTO `smart_scripts` VALUES (28822,0,0,0,25,0,100,0,0,0,0,0,0,0,48,1,0,0,0,0,0,1,0,0,0,0,0,0,0,0,'Scarlet Miner - On Reset - Set Active On');
33231c33262
< INSERT INTO `smart_scripts` VALUES (29102,0,2,0,9,1,100,0,2000,4000,4000,6000,40,150,11,53345,64,0,1,0,0,9,0,40,150,0,0,0,0,0,'Hearthglen Crusader - Within 40-150 Range - Cast \'Arrow Assault\' (Phase 1)');
---
> INSERT INTO `smart_scripts` VALUES (29102,0,2,0,0,1,100,0,2000,4000,4000,6000,0,0,11,53345,128,0,1,0,0,2,0,0,0,0,0,0,0,0,'Hearthglen Crusader - In Combat - Cast \'Arrow Assault\' (Phase 1)');
33235c33266
< INSERT INTO `smart_scripts` VALUES (29103,0,2,0,9,1,100,0,2000,4000,4000,6000,40,150,11,53345,64,0,1,0,0,9,0,40,150,0,0,0,0,0,'Tirisfal Crusader - Within 40-150 Range - Cast \'Arrow Assault\' (Phase 1)');
---
> INSERT INTO `smart_scripts` VALUES (29103,0,2,0,0,1,100,0,2000,4000,4000,6000,0,0,11,53345,128,0,1,0,0,2,0,0,0,0,0,0,0,0,'Tirisfal Crusader - In Combat - Cast \'Arrow Assault\' (Phase 1)');
39942c39973
< INSERT INTO `smart_scripts` VALUES (192651,1,1,0,59,0,100,1,1,0,0,0,0,0,99,3,0,0,0,0,0,1,0,0,0,0,0,0,0,0,'Higher Learning - Timed Event Triggered - Set Loot State');
---
> INSERT INTO `smart_scripts` VALUES (192651,1,1,0,59,0,100,1,1,0,0,0,0,0,41,0,0,0,0,0,0,1,0,0,0,0,0,0,0,0,'Higher Learning - Timed Event Triggered - Force Despawn');
39944c39975
< INSERT INTO `smart_scripts` VALUES (192652,1,1,0,59,0,100,1,1,0,0,0,0,0,99,3,0,0,0,0,0,1,0,0,0,0,0,0,0,0,'Higher Learning - Timed Event Triggered - Set Loot State');
---
> INSERT INTO `smart_scripts` VALUES (192652,1,1,0,59,0,100,1,1,0,0,0,0,0,41,0,0,0,0,0,0,1,0,0,0,0,0,0,0,0,'Higher Learning - Timed Event Triggered - Force Despawn');
39946c39977
< INSERT INTO `smart_scripts` VALUES (192653,1,1,0,59,0,100,1,1,0,0,0,0,0,99,3,0,0,0,0,0,1,0,0,0,0,0,0,0,0,'Higher Learning - Timed Event Triggered - Set Loot State');
---
> INSERT INTO `smart_scripts` VALUES (192653,1,1,0,59,0,100,1,1,0,0,0,0,0,41,0,0,0,0,0,0,1,0,0,0,0,0,0,0,0,'Higher Learning - Timed Event Triggered - Force Despawn');
39948c39979
< INSERT INTO `smart_scripts` VALUES (192706,1,1,0,59,0,100,1,1,0,0,0,0,0,99,3,0,0,0,0,0,1,0,0,0,0,0,0,0,0,'Higher Learning - Timed Event Triggered - Set Loot State');
---
> INSERT INTO `smart_scripts` VALUES (192706,1,1,0,59,0,100,1,1,0,0,0,0,0,41,0,0,0,0,0,0,1,0,0,0,0,0,0,0,0,'Higher Learning - Timed Event Triggered - Force Despawn');
39950c39981
< INSERT INTO `smart_scripts` VALUES (192707,1,1,0,59,0,100,1,1,0,0,0,0,0,99,3,0,0,0,0,0,1,0,0,0,0,0,0,0,0,'Higher Learning - Timed Event Triggered - Set Loot State');
---
> INSERT INTO `smart_scripts` VALUES (192707,1,1,0,59,0,100,1,1,0,0,0,0,0,41,0,0,0,0,0,0,1,0,0,0,0,0,0,0,0,'Higher Learning - Timed Event Triggered - Force Despawn');
39952c39983
< INSERT INTO `smart_scripts` VALUES (192708,1,1,0,59,0,100,1,1,0,0,0,0,0,99,3,0,0,0,0,0,1,0,0,0,0,0,0,0,0,'Higher Learning - Timed Event Triggered - Set Loot State');
---
> INSERT INTO `smart_scripts` VALUES (192708,1,1,0,59,0,100,1,1,0,0,0,0,0,41,0,0,0,0,0,0,1,0,0,0,0,0,0,0,0,'Higher Learning - Timed Event Triggered - Force Despawn');
39954c39985
< INSERT INTO `smart_scripts` VALUES (192709,1,1,0,59,0,100,1,1,0,0,0,0,0,99,3,0,0,0,0,0,1,0,0,0,0,0,0,0,0,'Higher Learning - Timed Event Triggered - Set Loot State');
---
> INSERT INTO `smart_scripts` VALUES (192709,1,1,0,59,0,100,1,1,0,0,0,0,0,41,0,0,0,0,0,0,1,0,0,0,0,0,0,0,0,'Higher Learning - Timed Event Triggered - Force Despawn');
39956c39987
< INSERT INTO `smart_scripts` VALUES (192710,1,1,0,59,0,100,1,1,0,0,0,0,0,99,3,0,0,0,0,0,1,0,0,0,0,0,0,0,0,'Higher Learning - Timed Event Triggered - Set Loot State');
---
> INSERT INTO `smart_scripts` VALUES (192710,1,1,0,59,0,100,1,1,0,0,0,0,0,41,0,0,0,0,0,0,1,0,0,0,0,0,0,0,0,'Higher Learning - Timed Event Triggered - Force Despawn');
39958c39989
< INSERT INTO `smart_scripts` VALUES (192711,1,1,0,59,0,100,1,1,0,0,0,0,0,99,3,0,0,0,0,0,1,0,0,0,0,0,0,0,0,'Higher Learning - Timed Event Triggered - Set Loot State');
---
> INSERT INTO `smart_scripts` VALUES (192711,1,1,0,59,0,100,1,1,0,0,0,0,0,41,0,0,0,0,0,0,1,0,0,0,0,0,0,0,0,'Higher Learning - Timed Event Triggered - Force Despawn');
39960c39991
< INSERT INTO `smart_scripts` VALUES (192713,1,1,0,59,0,100,1,1,0,0,0,0,0,99,3,0,0,0,0,0,1,0,0,0,0,0,0,0,0,'Higher Learning - Timed Event Triggered - Set Loot State');
---
> INSERT INTO `smart_scripts` VALUES (192713,1,1,0,59,0,100,1,1,0,0,0,0,0,41,0,0,0,0,0,0,1,0,0,0,0,0,0,0,0,'Higher Learning - Timed Event Triggered - Force Despawn');
39965c39996
< INSERT INTO `smart_scripts` VALUES (192865,1,1,0,59,0,100,1,1,0,0,0,0,0,99,3,0,0,0,0,0,1,0,0,0,0,0,0,0,0,'Higher Learning - Timed Event Triggered - Set Loot State');
---
> INSERT INTO `smart_scripts` VALUES (192865,1,1,0,59,0,100,1,1,0,0,0,0,0,41,0,0,0,0,0,0,1,0,0,0,0,0,0,0,0,'Higher Learning - Timed Event Triggered - Force Despawn');
39967c39998
< INSERT INTO `smart_scripts` VALUES (192866,1,1,0,59,0,100,1,1,0,0,0,0,0,99,3,0,0,0,0,0,1,0,0,0,0,0,0,0,0,'Higher Learning - Timed Event Triggered - Set Loot State');
---
> INSERT INTO `smart_scripts` VALUES (192866,1,1,0,59,0,100,1,1,0,0,0,0,0,41,0,0,0,0,0,0,1,0,0,0,0,0,0,0,0,'Higher Learning - Timed Event Triggered - Force Despawn');
39969c40000
< INSERT INTO `smart_scripts` VALUES (192867,1,1,0,59,0,100,1,1,0,0,0,0,0,99,3,0,0,0,0,0,1,0,0,0,0,0,0,0,0,'Higher Learning - Timed Event Triggered - Set Loot State');
---
> INSERT INTO `smart_scripts` VALUES (192867,1,1,0,59,0,100,1,1,0,0,0,0,0,41,0,0,0,0,0,0,1,0,0,0,0,0,0,0,0,'Higher Learning - Timed Event Triggered - Force Despawn');
39971c40002
< INSERT INTO `smart_scripts` VALUES (192868,1,1,0,59,0,100,1,1,0,0,0,0,0,99,3,0,0,0,0,0,1,0,0,0,0,0,0,0,0,'Higher Learning - Timed Event Triggered - Set Loot State');
---
> INSERT INTO `smart_scripts` VALUES (192868,1,1,0,59,0,100,1,1,0,0,0,0,0,41,0,0,0,0,0,0,1,0,0,0,0,0,0,0,0,'Higher Learning - Timed Event Triggered - Force Despawn');
39973c40004
< INSERT INTO `smart_scripts` VALUES (192869,1,1,0,59,0,100,1,1,0,0,0,0,0,99,3,0,0,0,0,0,1,0,0,0,0,0,0,0,0,'Higher Learning - Timed Event Triggered - Set Loot State');
---
> INSERT INTO `smart_scripts` VALUES (192869,1,1,0,59,0,100,1,1,0,0,0,0,0,41,0,0,0,0,0,0,1,0,0,0,0,0,0,0,0,'Higher Learning - Timed Event Triggered - Force Despawn');
39975c40006
< INSERT INTO `smart_scripts` VALUES (192870,1,1,0,59,0,100,1,1,0,0,0,0,0,99,3,0,0,0,0,0,1,0,0,0,0,0,0,0,0,'Higher Learning - Timed Event Triggered - Set Loot State');
---
> INSERT INTO `smart_scripts` VALUES (192870,1,1,0,59,0,100,1,1,0,0,0,0,0,41,0,0,0,0,0,0,1,0,0,0,0,0,0,0,0,'Higher Learning - Timed Event Triggered - Force Despawn');
39977c40008
< INSERT INTO `smart_scripts` VALUES (192871,1,1,0,59,0,100,1,1,0,0,0,0,0,99,3,0,0,0,0,0,1,0,0,0,0,0,0,0,0,'Higher Learning - Timed Event Triggered - Set Loot State');
---
> INSERT INTO `smart_scripts` VALUES (192871,1,1,0,59,0,100,1,1,0,0,0,0,0,41,0,0,0,0,0,0,1,0,0,0,0,0,0,0,0,'Higher Learning - Timed Event Triggered - Force Despawn');
39979c40010
< INSERT INTO `smart_scripts` VALUES (192872,1,1,0,59,0,100,1,1,0,0,0,0,0,99,3,0,0,0,0,0,1,0,0,0,0,0,0,0,0,'Higher Learning - Timed Event Triggered - Set Loot State');
---
> INSERT INTO `smart_scripts` VALUES (192872,1,1,0,59,0,100,1,1,0,0,0,0,0,41,0,0,0,0,0,0,1,0,0,0,0,0,0,0,0,'Higher Learning - Timed Event Triggered - Force Despawn');
39981c40012
< INSERT INTO `smart_scripts` VALUES (192874,1,1,0,59,0,100,1,1,0,0,0,0,0,99,3,0,0,0,0,0,1,0,0,0,0,0,0,0,0,'Higher Learning - Timed Event Triggered - Set Loot State');
---
> INSERT INTO `smart_scripts` VALUES (192874,1,1,0,59,0,100,1,1,0,0,0,0,0,41,0,0,0,0,0,0,1,0,0,0,0,0,0,0,0,'Higher Learning - Timed Event Triggered - Force Despawn');
39983c40014
< INSERT INTO `smart_scripts` VALUES (192880,1,1,0,59,0,100,1,1,0,0,0,0,0,99,3,0,0,0,0,0,1,0,0,0,0,0,0,0,0,'Higher Learning - Timed Event Triggered - Set Loot State');
---
> INSERT INTO `smart_scripts` VALUES (192880,1,1,0,59,0,100,1,1,0,0,0,0,0,41,0,0,0,0,0,0,1,0,0,0,0,0,0,0,0,'Higher Learning - Timed Event Triggered - Force Despawn');
39985c40016
< INSERT INTO `smart_scripts` VALUES (192881,1,1,0,59,0,100,1,1,0,0,0,0,0,99,3,0,0,0,0,0,1,0,0,0,0,0,0,0,0,'Higher Learning - Timed Event Triggered - Set Loot State');
---
> INSERT INTO `smart_scripts` VALUES (192881,1,1,0,59,0,100,1,1,0,0,0,0,0,41,0,0,0,0,0,0,1,0,0,0,0,0,0,0,0,'Higher Learning - Timed Event Triggered - Force Despawn');
39987c40018
< INSERT INTO `smart_scripts` VALUES (192882,1,1,0,59,0,100,1,1,0,0,0,0,0,99,3,0,0,0,0,0,1,0,0,0,0,0,0,0,0,'Higher Learning - Timed Event Triggered - Set Loot State');
---
> INSERT INTO `smart_scripts` VALUES (192882,1,1,0,59,0,100,1,1,0,0,0,0,0,41,0,0,0,0,0,0,1,0,0,0,0,0,0,0,0,'Higher Learning - Timed Event Triggered - Force Despawn');
39989c40020
< INSERT INTO `smart_scripts` VALUES (192883,1,1,0,59,0,100,1,1,0,0,0,0,0,99,3,0,0,0,0,0,1,0,0,0,0,0,0,0,0,'Higher Learning - Timed Event Triggered - Set Loot State');
---
> INSERT INTO `smart_scripts` VALUES (192883,1,1,0,59,0,100,1,1,0,0,0,0,0,41,0,0,0,0,0,0,1,0,0,0,0,0,0,0,0,'Higher Learning - Timed Event Triggered - Force Despawn');
39991c40022
< INSERT INTO `smart_scripts` VALUES (192884,1,1,0,59,0,100,1,1,0,0,0,0,0,99,3,0,0,0,0,0,1,0,0,0,0,0,0,0,0,'Higher Learning - Timed Event Triggered - Set Loot State');
---
> INSERT INTO `smart_scripts` VALUES (192884,1,1,0,59,0,100,1,1,0,0,0,0,0,41,0,0,0,0,0,0,1,0,0,0,0,0,0,0,0,'Higher Learning - Timed Event Triggered - Force Despawn');
39993c40024
< INSERT INTO `smart_scripts` VALUES (192885,1,1,0,59,0,100,1,1,0,0,0,0,0,99,3,0,0,0,0,0,1,0,0,0,0,0,0,0,0,'Higher Learning - Timed Event Triggered - Set Loot State');
---
> INSERT INTO `smart_scripts` VALUES (192885,1,1,0,59,0,100,1,1,0,0,0,0,0,41,0,0,0,0,0,0,1,0,0,0,0,0,0,0,0,'Higher Learning - Timed Event Triggered - Force Despawn');
39995c40026
< INSERT INTO `smart_scripts` VALUES (192886,1,1,0,59,0,100,1,1,0,0,0,0,0,99,3,0,0,0,0,0,1,0,0,0,0,0,0,0,0,'Higher Learning - Timed Event Triggered - Set Loot State');
---
> INSERT INTO `smart_scripts` VALUES (192886,1,1,0,59,0,100,1,1,0,0,0,0,0,41,0,0,0,0,0,0,1,0,0,0,0,0,0,0,0,'Higher Learning - Timed Event Triggered - Force Despawn');
39997c40028
< INSERT INTO `smart_scripts` VALUES (192887,1,1,0,59,0,100,1,1,0,0,0,0,0,99,3,0,0,0,0,0,1,0,0,0,0,0,0,0,0,'Higher Learning - Timed Event Triggered - Set Loot State');
---
> INSERT INTO `smart_scripts` VALUES (192887,1,1,0,59,0,100,1,1,0,0,0,0,0,41,0,0,0,0,0,0,1,0,0,0,0,0,0,0,0,'Higher Learning - Timed Event Triggered - Force Despawn');
39999c40030
< INSERT INTO `smart_scripts` VALUES (192888,1,1,0,59,0,100,1,1,0,0,0,0,0,99,3,0,0,0,0,0,1,0,0,0,0,0,0,0,0,'Higher Learning - Timed Event Triggered - Set Loot State');
---
> INSERT INTO `smart_scripts` VALUES (192888,1,1,0,59,0,100,1,1,0,0,0,0,0,41,0,0,0,0,0,0,1,0,0,0,0,0,0,0,0,'Higher Learning - Timed Event Triggered - Force Despawn');
40001c40032
< INSERT INTO `smart_scripts` VALUES (192889,1,1,0,59,0,100,1,1,0,0,0,0,0,99,3,0,0,0,0,0,1,0,0,0,0,0,0,0,0,'Higher Learning - Timed Event Triggered - Set Loot State');
---
> INSERT INTO `smart_scripts` VALUES (192889,1,1,0,59,0,100,1,1,0,0,0,0,0,41,0,0,0,0,0,0,1,0,0,0,0,0,0,0,0,'Higher Learning - Timed Event Triggered - Force Despawn');
40003c40034
< INSERT INTO `smart_scripts` VALUES (192890,1,1,0,59,0,100,1,1,0,0,0,0,0,99,3,0,0,0,0,0,1,0,0,0,0,0,0,0,0,'Higher Learning - Timed Event Triggered - Set Loot State');
---
> INSERT INTO `smart_scripts` VALUES (192890,1,1,0,59,0,100,1,1,0,0,0,0,0,41,0,0,0,0,0,0,1,0,0,0,0,0,0,0,0,'Higher Learning - Timed Event Triggered - Force Despawn');
40005c40036
< INSERT INTO `smart_scripts` VALUES (192891,1,1,0,59,0,100,1,1,0,0,0,0,0,99,3,0,0,0,0,0,1,0,0,0,0,0,0,0,0,'Higher Learning - Timed Event Triggered - Set Loot State');
---
> INSERT INTO `smart_scripts` VALUES (192891,1,1,0,59,0,100,1,1,0,0,0,0,0,41,0,0,0,0,0,0,1,0,0,0,0,0,0,0,0,'Higher Learning - Timed Event Triggered - Force Despawn');
40007c40038
< INSERT INTO `smart_scripts` VALUES (192894,1,1,0,59,0,100,1,1,0,0,0,0,0,99,3,0,0,0,0,0,1,0,0,0,0,0,0,0,0,'Higher Learning - Timed Event Triggered - Set Loot State');
---
> INSERT INTO `smart_scripts` VALUES (192894,1,1,0,59,0,100,1,1,0,0,0,0,0,41,0,0,0,0,0,0,1,0,0,0,0,0,0,0,0,'Higher Learning - Timed Event Triggered - Force Despawn');
40009c40040
< INSERT INTO `smart_scripts` VALUES (192895,1,1,0,59,0,100,1,1,0,0,0,0,0,99,3,0,0,0,0,0,1,0,0,0,0,0,0,0,0,'Higher Learning - Timed Event Triggered - Set Loot State');
---
> INSERT INTO `smart_scripts` VALUES (192895,1,1,0,59,0,100,1,1,0,0,0,0,0,41,0,0,0,0,0,0,1,0,0,0,0,0,0,0,0,'Higher Learning - Timed Event Triggered - Force Despawn');
40011c40042
< INSERT INTO `smart_scripts` VALUES (192896,1,1,0,59,0,100,1,1,0,0,0,0,0,99,3,0,0,0,0,0,1,0,0,0,0,0,0,0,0,'Higher Learning - Timed Event Triggered - Set Loot State');
---
> INSERT INTO `smart_scripts` VALUES (192896,1,1,0,59,0,100,1,1,0,0,0,0,0,41,0,0,0,0,0,0,1,0,0,0,0,0,0,0,0,'Higher Learning - Timed Event Triggered - Force Despawn');
40013c40044
< INSERT INTO `smart_scripts` VALUES (192905,1,1,0,59,0,100,1,1,0,0,0,0,0,99,3,0,0,0,0,0,1,0,0,0,0,0,0,0,0,'Higher Learning - Timed Event Triggered - Set Loot State');
---
> INSERT INTO `smart_scripts` VALUES (192905,1,1,0,59,0,100,1,1,0,0,0,0,0,41,0,0,0,0,0,0,1,0,0,0,0,0,0,0,0,'Higher Learning - Timed Event Triggered - Force Despawn');
41860c41891
< INSERT INTO `smart_scripts` VALUES (778400,9,0,0,0,0,100,0,0,0,0,0,0,0,64,1,0,0,0,0,0,7,0,0,0,0,0,0,0,0,'Homing Robot OOX-17/TN - On Script - Store Targetlist');
---
> INSERT INTO `smart_scripts` VALUES (778400,9,0,0,0,0,100,0,0,0,0,0,0,0,64,1,0,0,0,0,0,16,0,0,0,0,0,0,0,0,'Homing Robot OOX-17/TN - On Script - Store Targetlist');
49061c49092
< INSERT INTO `smart_scripts` VALUES (2731600,9,34,0,0,0,100,0,9000,9000,0,0,0,0,15,12321,0,0,0,0,0,7,0,0,0,0,0,0,0,0,'Inquisitor Hallard - On Script - Quest Credit \'A Righteous Sermon\'');
---
> INSERT INTO `smart_scripts` VALUES (2731600,9,34,0,0,0,100,0,9000,9000,0,0,0,0,26,12321,0,0,0,0,0,16,0,0,0,0,0,0,0,0,'Inquisitor Hallard - On Script - Quest Credit \'A Righteous Sermon\'');

--- smart_scripts: added 121 removed 90 ---

=== reference_loot_template ===
9382,9391c9382,9391
< INSERT INTO `reference_loot_template` VALUES (34136,40388,0,0,0,1,1,1,1,'Journey\'s End');
< INSERT INTO `reference_loot_template` VALUES (34136,40395,0,0,0,1,1,1,1,'Torch of Holy Fire');
< INSERT INTO `reference_loot_template` VALUES (34136,40396,0,0,0,1,1,1,1,'The Turning Tide');
< INSERT INTO `reference_loot_template` VALUES (34136,40398,0,0,0,1,1,1,1,'Leggings of Mortal Arrogance');
< INSERT INTO `reference_loot_template` VALUES (34136,40399,0,0,0,1,1,1,1,'Signet of Manifested Pain');
< INSERT INTO `reference_loot_template` VALUES (34136,40400,0,0,0,1,1,1,1,'Wall of Terror');
< INSERT INTO `reference_loot_template` VALUES (34136,40401,0,0,0,1,1,1,1,'Voice of Reason');
< INSERT INTO `reference_loot_template` VALUES (34136,40402,0,0,0,1,1,1,1,'Last Laugh');
< INSERT INTO `reference_loot_template` VALUES (34136,40403,0,0,0,1,1,1,1,'Drape of the Deadly Foe');
< INSERT INTO `reference_loot_template` VALUES (34136,40405,0,0,0,1,1,1,1,'Cape of the Unworthy Wizard');
---
> INSERT INTO `reference_loot_template` VALUES (34136,40388,0,0,0,1,3,1,1,'Journey\'s End');
> INSERT INTO `reference_loot_template` VALUES (34136,40395,0,0,0,1,3,1,1,'Torch of Holy Fire');
> INSERT INTO `reference_loot_template` VALUES (34136,40396,0,0,0,1,3,1,1,'The Turning Tide');
> INSERT INTO `reference_loot_template` VALUES (34136,40398,0,0,0,1,3,1,1,'Leggings of Mortal Arrogance');
> INSERT INTO `reference_loot_template` VALUES (34136,40399,0,0,0,1,3,1,1,'Signet of Manifested Pain');
> INSERT INTO `reference_loot_template` VALUES (34136,40400,0,0,0,1,2,1,1,'Wall of Terror');
> INSERT INTO `reference_loot_template` VALUES (34136,40401,0,0,0,1,2,1,1,'Voice of Reason');
> INSERT INTO `reference_loot_template` VALUES (34136,40402,0,0,0,1,2,1,1,'Last Laugh');
> INSERT INTO `reference_loot_template` VALUES (34136,40403,0,0,0,1,2,1,1,'Drape of the Deadly Foe');
> INSERT INTO `reference_loot_template` VALUES (34136,40405,0,0,0,1,2,1,1,'Cape of the Unworthy Wizard');

--- reference_loot_template: added 10 removed 10 ---

=== creature ===
51301c51301
< INSERT INTO `creature` VALUES (51809,3295,1,0,0,1,1,0,1071.4,-3135.26,67.39,3.63731,9900,0,0,449,0,0,0,0,0,'',0,0,NULL);
---
> INSERT INTO `creature` VALUES (51809,3295,1,0,0,1,1,0,1062.86,-3125.56,71.5102,3.26422,9900,0,0,449,0,0,0,0,0,'',0,0,NULL);
60756a60757
> INSERT INTO `creature` VALUES (62015,33280,603,0,0,3,1,0,1980.14,-25.7438,326.467,0,604800,0,0,1,0,0,0,0,0,'',0,0,'Voice of Yogg-Saron');
122503,122510c122504,122520
< INSERT INTO `creature` VALUES (128892,28822,609,0,0,1,1,0,2389.83,-5928.23,110.395,0.226893,360,0,0,891,0,0,0,0,0,'',0,0,'has guid specific SAI');
< INSERT INTO `creature` VALUES (128893,28822,609,0,0,1,1,0,2476.29,-5932.71,115.954,1.13446,360,0,0,891,0,0,0,0,0,'',0,0,'has guid specific SAI');
< INSERT INTO `creature` VALUES (128894,28822,609,0,0,1,1,0,2433.06,-5886.45,104.694,4.31096,360,0,0,891,0,0,0,0,0,'',0,0,'has guid specific SAI');
< INSERT INTO `creature` VALUES (128895,28822,609,0,0,1,1,0,2452.76,-5959.37,96.2271,0.925025,360,0,0,891,0,0,0,0,0,'',0,0,'has guid specific SAI');
< INSERT INTO `creature` VALUES (128896,28822,609,0,0,1,1,0,2390.2,-5910.26,109.99,2.33874,360,0,0,891,0,0,0,0,0,'',0,0,'has guid specific SAI');
< INSERT INTO `creature` VALUES (128898,28822,609,0,0,1,1,0,2409.43,-5927.6,112.395,0.349066,360,0,0,891,0,0,0,0,0,'',0,0,'has guid specific SAI');
< INSERT INTO `creature` VALUES (128899,28822,609,0,0,1,1,0,2416.01,-5920.75,111.375,3.40339,360,0,0,891,0,0,0,0,0,'',0,0,'has guid specific SAI');
< INSERT INTO `creature` VALUES (128901,28822,609,0,0,1,1,0,2537.21,-5993.02,103.205,1.67552,360,0,0,891,0,0,0,0,0,'',0,0,'has guid specific SAI');
---
> INSERT INTO `creature` VALUES (128892,28822,609,0,0,1,1,0,2389.83,-5928.23,110.395,0.226893,360,0,0,891,0,0,0,0,0,'',50664,0,'has guid specific SAI');
> INSERT INTO `creature` VALUES (128893,28822,609,0,0,1,1,0,2476.29,-5932.71,115.954,1.13446,360,0,0,891,0,0,0,0,0,'',50664,0,'has guid specific SAI');
> INSERT INTO `creature` VALUES (128894,28822,609,0,0,1,1,0,2433.06,-5886.45,104.694,4.31096,360,0,0,891,0,0,0,0,0,'',50664,0,'has guid specific SAI');
> INSERT INTO `creature` VALUES (128895,28822,609,0,0,1,1,0,2452.76,-5959.37,96.2271,0.925025,360,0,0,891,0,0,0,0,0,'',50664,0,'has guid specific SAI');
> INSERT INTO `creature` VALUES (128896,28822,609,0,0,1,1,0,2390.2,-5910.26,109.99,2.33874,360,0,0,891,0,0,0,0,0,'',50664,0,'has guid specific SAI');
> INSERT INTO `creature` VALUES (128897,28822,609,0,0,1,1,0,2389.6,-5901.94,109.095,4.5204,360,0,0,891,0,0,0,0,0,'',50664,0,'has guid specific SAI');
> INSERT INTO `creature` VALUES (128898,28822,609,0,0,1,1,0,2409.43,-5927.6,112.395,0.349066,360,0,0,891,0,0,0,0,0,'',50664,0,'has guid specific SAI');
> INSERT INTO `creature` VALUES (128899,28822,609,0,0,1,1,0,2416.01,-5920.75,111.375,3.40339,360,0,0,891,0,0,0,0,0,'',50664,0,'has guid specific SAI');
> INSERT INTO `creature` VALUES (128901,28822,609,0,0,1,1,0,2537.21,-5993.02,103.205,1.67552,360,0,0,891,0,0,0,0,0,'',50664,0,'has guid specific SAI');
> INSERT INTO `creature` VALUES (128902,28821,609,0,0,1,1,0,2392.9,-5932.47,110.954,2.25148,600,0,0,42,0,0,0,0,0,'',50664,0,'');
> INSERT INTO `creature` VALUES (128903,28821,609,0,0,1,1,0,2477.86,-5930.89,116.103,3.89208,600,0,0,42,0,0,0,0,0,'',50664,0,'');
> INSERT INTO `creature` VALUES (128904,28821,609,0,0,1,1,0,2431.82,-5884.38,104.739,1.43117,600,0,0,42,0,0,0,0,0,'',50664,0,'');
> INSERT INTO `creature` VALUES (128905,28821,609,0,0,1,1,0,2450.51,-5956.79,96.0638,6.17846,600,0,0,42,0,0,0,0,0,'',50664,0,'');
> INSERT INTO `creature` VALUES (128906,28821,609,0,0,1,1,0,2393.37,-5912.72,110.304,2.44346,600,0,0,42,0,0,0,0,0,'',50664,0,'');
> INSERT INTO `creature` VALUES (128907,28821,609,0,0,1,1,0,2410.78,-5930.6,113.883,6.14356,600,0,0,42,0,0,0,0,0,'',50664,0,'');
> INSERT INTO `creature` VALUES (128908,28821,609,0,0,1,1,0,2418.08,-5919.31,111.58,5.77704,600,0,0,42,0,0,0,0,0,'',50664,0,'');
> INSERT INTO `creature` VALUES (128909,28821,609,0,0,1,1,0,2393.29,-5900.68,109.435,1.93731,600,0,0,42,0,0,0,0,0,'',50664,0,'');
122521a122532
> INSERT INTO `creature` VALUES (128921,28821,609,0,0,1,1,0,2538.37,-5995.51,103.085,6.10865,600,0,0,42,0,0,0,0,0,'',50664,0,'');
129498c129509
< INSERT INTO `creature` VALUES (137496,33515,603,0,0,3,1,1,1956.2,49.3155,411.358,2.84121,604800,0,0,3137625,234190,2,0,0,0,'',0,0,NULL);
---
> INSERT INTO `creature` VALUES (137496,33515,603,0,0,3,1,1,1938.74,42.0643,411.519,1.81816,604800,0,0,3137625,234190,2,0,0,0,'',0,0,NULL);
129533a129545,129550
> INSERT INTO `creature` VALUES (137532,34014,603,0,0,1,1,0,1938.74,42.0643,411.519,1.81816,604800,0,0,1,0,0,0,0,0,'',0,0,'Sanctum Sentry - follows Auriaya');
> INSERT INTO `creature` VALUES (137533,34014,603,0,0,1,1,0,1938.74,42.0643,411.519,1.81816,604800,0,0,1,0,0,0,0,0,'',0,0,'Sanctum Sentry - follows Auriaya');
> INSERT INTO `creature` VALUES (137534,34014,603,0,0,2,1,0,1938.74,42.0643,411.519,1.81816,604800,0,0,1,0,0,0,0,0,'',0,0,'Sanctum Sentry - follows Auriaya');
> INSERT INTO `creature` VALUES (137535,34014,603,0,0,2,1,0,1938.74,42.0643,411.519,1.81816,604800,0,0,1,0,0,0,0,0,'',0,0,'Sanctum Sentry - follows Auriaya');
> INSERT INTO `creature` VALUES (137536,34014,603,0,0,2,1,0,1938.74,42.0643,411.519,1.81816,604800,0,0,1,0,0,0,0,0,'',0,0,'Sanctum Sentry - follows Auriaya');
> INSERT INTO `creature` VALUES (137537,34014,603,0,0,2,1,0,1938.74,42.0643,411.519,1.81816,604800,0,0,1,0,0,0,0,0,'',0,0,'Sanctum Sentry - follows Auriaya');
129581,129589d129597
< INSERT INTO `creature` VALUES (137590,33287,603,0,0,3,1,1,592.503,-98.552,391.6,5.74213,604800,0,0,315000,119820,0,0,0,0,'',0,0,NULL);
< INSERT INTO `creature` VALUES (137591,33287,603,0,0,3,1,1,589.533,-95.3228,391.6,5.51524,604800,0,0,315000,119820,0,0,0,0,'',0,0,NULL);
< INSERT INTO `creature` VALUES (137592,33287,603,0,0,3,1,1,594.302,-94.3818,391.6,4.81711,604800,0,0,315000,119820,0,0,0,0,'',0,0,NULL);
< INSERT INTO `creature` VALUES (137593,33816,603,0,0,3,1,1,570.411,-108.794,391.6,4.13643,604800,0,0,315000,0,0,0,0,0,'',0,0,NULL);
< INSERT INTO `creature` VALUES (137594,33816,603,0,0,3,1,1,588.761,-114.866,391.6,4.85202,604800,0,0,315000,0,0,0,0,0,'',0,0,NULL);
< INSERT INTO `creature` VALUES (137595,33816,603,0,0,3,1,1,566.474,-103.634,391.6,4.36332,604800,0,0,315000,0,0,0,0,0,'',0,0,NULL);
< INSERT INTO `creature` VALUES (137596,33816,603,0,0,3,1,1,596.38,-110.264,391.6,4.85202,604800,0,0,315000,0,0,0,0,0,'',0,0,NULL);
< INSERT INTO `creature` VALUES (137597,33816,603,0,0,3,1,1,576.579,-113.111,391.6,4.29351,604800,0,0,315000,0,0,0,0,0,'',0,0,NULL);
< INSERT INTO `creature` VALUES (137598,33816,603,0,0,3,1,1,600.748,-104.848,391.608,4.85202,604800,0,0,315000,0,0,0,0,0,'',0,0,NULL);
129591,129594d129598
< INSERT INTO `creature` VALUES (137612,33210,603,0,0,3,1,0,585.667,-104.448,391.6,1.51844,604800,0,0,390990,0,0,0,0,0,'',0,0,NULL);
< INSERT INTO `creature` VALUES (137614,33259,603,0,0,3,1,1,578.177,-107.629,391.6,4.85202,604800,0,0,315000,0,0,0,0,0,'',0,0,NULL);
< INSERT INTO `creature` VALUES (137615,33259,603,0,0,3,1,1,588.254,-108.715,391.6,4.99164,604800,0,0,315000,0,0,0,0,0,'',0,0,NULL);
< INSERT INTO `creature` VALUES (137616,33259,603,0,0,3,1,1,583.61,-110.936,391.6,4.93928,604800,0,0,315000,0,0,0,0,0,'',0,0,NULL);
138410d138413
< INSERT INTO `creature` VALUES (201220,38463,631,0,0,15,1,0,4522.93,2769.18,351.184,3.10669,1209600,0,0,42,0,0,0,0,0,'',0,0,NULL);
138484d138486
< INSERT INTO `creature` VALUES (201473,38463,631,0,0,15,1,0,4574.05,2854.99,384.768,0.453786,1209600,0,0,42,0,0,0,0,0,'',0,0,NULL);
138504d138505
< INSERT INTO `creature` VALUES (201559,38463,631,0,0,15,1,0,4574.25,2683.7,384.768,5.65487,1209600,0,0,42,0,0,0,0,0,'',0,0,NULL);
146292,146297d146292
< INSERT INTO `creature` VALUES (247121,37868,631,0,0,5,1,0,4230.53,2490.22,364.957,3.36849,604800,0,0,0,0,0,0,0,0,'',0,0,NULL);
< INSERT INTO `creature` VALUES (247122,37868,631,0,0,5,1,0,4230.44,2478.56,364.953,2.93215,604800,0,0,0,0,0,0,0,0,'',0,0,NULL);
< INSERT INTO `creature` VALUES (247123,37868,631,0,0,15,1,0,4223.4,2465.11,364.952,2.3911,604800,0,0,0,0,0,0,0,0,'',0,0,NULL);
< INSERT INTO `creature` VALUES (247124,37868,631,0,0,15,1,0,4222.86,2504.58,364.96,3.90954,604800,0,0,0,0,0,0,0,0,'',0,0,NULL);
< INSERT INTO `creature` VALUES (247125,37868,631,0,0,10,1,0,4182.16,2466.71,364.9,0.7,604800,0,0,0,0,0,0,0,0,'',0,0,NULL);
< INSERT INTO `creature` VALUES (247126,37868,631,0,0,10,1,0,4184.17,2504.24,364.9,5.51,604800,0,0,0,0,0,0,0,0,'',0,0,NULL);
148312,148315d148306
< INSERT INTO `creature` VALUES (1975206,33282,603,0,0,3,3,0,571.947,-136.012,391.517,5.06733,300,0,0,12600,0,0,0,0,0,'',0,0,NULL);
< INSERT INTO `creature` VALUES (1975207,33282,603,0,0,3,3,0,589.923,-133.622,391.897,5.06733,300,0,0,12600,0,0,0,0,0,'',0,0,NULL);
< INSERT INTO `creature` VALUES (1975208,33282,603,0,0,2,3,0,581,-134.7,391.5,5.06733,300,0,0,12600,0,0,0,0,0,'',0,0,NULL);
< INSERT INTO `creature` VALUES (1975209,33282,603,0,0,2,3,0,600,-136,391.5,5.06733,300,0,0,12600,0,0,0,0,0,'',0,0,NULL);

--- creature: added 27 removed 36 ---

